id,來源,統計月份,日期,台北業績,台北佔比,台中業績,台中佔比,桃園業績,桃園佔比,新竹業績,新竹佔比,高雄業績,高雄佔比,全區合計
20260828084858_本月,schedule-08,2026/08,2026/08/28 08:48:58,3109000,0.6706025652004075,224300,0.04838087982452602,1073539,0.23155934617004834,110790,0.023897091733211046,118500,0.025560117071807106,4636129
20260828040806_本月,schedule,2026/08,2026/08/28 04:08:06,3109000,0.6706025652004075,224300,0.048380879824526,1073539,0.2315593461700483,110790,0.023897091733211,118500,0.0255601170718071,4636129
20260827230053_本月,schedule,2026/08,2026/08/27 23:00:53,3109000,0.6706025652004075,224300,0.048380879824526,1073539,0.2315593461700483,110790,0.023897091733211,118500,0.0255601170718071,4636129
20260827163331_本月,schedule,2026/08,2026/08/27 16:33:31,3106200,0.6704035046939253,224300,0.0484101172180952,1073539,0.2316992814453711,110790,0.0239115331546712,118500,0.025575563487937,4633329
20260827005111_本月,schedule-00,2026/08,2026/08/27 00:51:11,3087400,0.6692347326626824,219500,0.0475795244605359,1077139,0.2334841065963429,110790,0.0240151959680308,118500,0.0256864403124078,4613329
20260826183111_本月,schedule-18,2026/08,2026/08/26 18:31:11,3087400,0.6692347326626824,219500,0.0475795244605359,1077139,0.2334841065963429,110790,0.0240151959680308,118500,0.0256864403124078,4613329
20260826094017_本月,schedule,2026/08,2026/08/26 09:40:17,3076000,0.6684153536484374,219500,0.0476973895077477,1077139,0.2340624985739675,110790,0.0240746869410631,118500,0.025750071328784,4601929
20260826004237_本月,schedule-00,2026/08,2026/08/26 00:42:37,3066000,0.6676932504836203,219500,0.0478012617355364,1077139,0.2345722244398813,110790,0.0241271152058317,118500,0.0258061481351301,4591929
20260825182751_本月,schedule-18,2026/08,2026/08/25 18:27:51,3066000,0.6680424069659435,217100,0.0473033289472623,1077139,0.2346948891705445,110790,0.0241397319855697,118500,0.0258196429306798,4589529
20260825123836_本月,schedule,2026/08,2026/08/25 12:38:36,3069600,0.6686519722684567,217100,0.0472909640277176,1074739,0.2341107479879557,110790,0.0241334219467104,118500,0.0258128937691595,4590729
20260825093548_本月,schedule,2026/08,2026/08/25 09:35:48,3061400,0.668059056472965,217100,0.0473755867120535,1074739,0.2345296669153648,110790,0.0241766064110014,118500,0.0258590834886151,4582529
20260825004352_本月,schedule-00,2026/08,2026/08/25 00:43:52,3061700,0.6680807859075694,217100,0.0473724854233051,1074739,0.2345143141932636,110790,0.0241750237680698,118500,0.025857390707792,4582829
20260824183358_本月,schedule-18,2026/08,2026/08/24 18:33:58,3040900,0.6682519768580751,217100,0.0477087389180466,1074739,0.2361789145833374,110790,0.0243466199204532,107000,0.0235137497200874,4550529
20260824124417_本月,schedule,2026/08,2026/08/24 12:44:17,3000000,0.6666031171694965,213500,0.0474399218385625,1069139,0.2375637966958261,110790,0.0246176531170695,107000,0.0237755111790453,4500429
20260824094030_本月,schedule,2026/08,2026/08/24 09:40:30,2971100,0.6648051555459688,213500,0.0477721721615106,1066739,0.2386905815428465,110790,0.0247900653572541,107000,0.0239420253924198,4469129
20260824003217_本月,schedule-00,2026/08,2026/08/24 00:32:17,2971100,0.6649837094546489,209900,0.0469792604134935,1069139,0.2392918508776661,110790,0.0247967234931441,107000,0.0239484557610472,4467929
20260823181948_本月,schedule-18,2026/08,2026/08/23 18:19:48,2975900,0.6644519014211397,209900,0.0468659746995185,1069139,0.2387148228883685,110790,0.0247369287134809,113000,0.0252303722774921,4478729
20260823123640_本月,schedule,2026/08,2026/08/23 12:36:40,2975900,0.6656929982894068,209900,0.0469535133374597,1063539,0.2379080163001839,110790,0.0247831336000817,110250,0.0246623384728677,4470379
20260823094300_本月,schedule,2026/08,2026/08/23 09:43:00,2975900,0.6656929982894068,209900,0.0469535133374597,1063539,0.2379080163001839,110790,0.0247831336000817,110250,0.0246623384728677,4470379
20260823003020_本月,schedule-00,2026/08,2026/08/23 00:30:20,2975900,0.6656929982894068,209900,0.0469535133374597,1063539,0.2379080163001839,110790,0.0247831336000817,110250,0.0246623384728677,4470379
20260822181910_本月,schedule-18,2026/08,2026/08/22 18:19:10,2975900,0.6656929982894068,209900,0.0469535133374597,1063539,0.2379080163001839,110790,0.0247831336000817,110250,0.0246623384728677,4470379
20260822123224_本月,schedule,2026/08,2026/08/22 12:32:24,2978600,0.6658947896963143,209900,0.0469251716770484,1063539,0.237764412387977,110790,0.0247681742262991,110250,0.024647452012361,4473079
20260822092824_本月,schedule,2026/08,2026/08/22 09:28:24,2976200,0.665715431593277,209900,0.0469503625735598,1063539,0.2378920517442652,110790,0.0247814705551438,110250,0.024660683533754,4470679
20260822004000_本月,schedule-00,2026/08,2026/08/22 00:40:00,2976200,0.665715431593277,209900,0.0469503625735598,1063539,0.2378920517442652,110790,0.0247814705551438,110250,0.024660683533754,4470679
20260821182618_本月,schedule-18,2026/08,2026/08/21 18:26:18,2976200,0.665715431593277,209900,0.0469503625735598,1063539,0.2378920517442652,110790,0.0247814705551438,110250,0.024660683533754,4470679
20260821123807_本月,schedule,2026/08,2026/08/21 12:38:07,2957800,0.6643339287587323,209900,0.047144395039035,1063539,0.2388751917838033,110790,0.0248838853090742,110250,0.024762599109355,4452279
20260821093947_本月,schedule,2026/08,2026/08/21 09:39:47,2947300,0.6635105658986682,209900,0.0472537128158417,1063739,0.239474117279708,110790,0.0249415857211391,110250,0.0248200182846429,4441979
20260821004032_本月,schedule-00,2026/08,2026/08/21 00:40:32,2947300,0.6631821085514332,209900,0.0472303208309116,1061139,0.2387705355702369,115590,0.0260093034056459,110250,0.0248077316417723,4444179
20260820182554_本月,schedule-18,2026/08,2026/08/20 18:25:54,2942500,0.6628179301654579,209900,0.0472813877796872,1061139,0.2390287019873725,115590,0.0260374255047834,110250,0.0248345545626989,4439379
20260820123712_本月,schedule,2026/08,2026/08/20 12:37:12,2922500,0.6615389943566027,209900,0.0475131000566128,1061139,0.2402001118674323,115590,0.0261650273251256,108600,0.0245827663942265,4417729
20260820093500_本月,schedule,2026/08,2026/08/20 09:35:00,2909300,0.660794702558345,209900,0.0476749761341204,1061139,0.2410184683181726,113790,0.0258453336555577,108600,0.0246665193338041,4402729
20260820003652_本月,schedule-00,2026/08,2026/08/20 00:36:52,2904500,0.660154295866859,209900,0.0477074838018432,1062939,0.241591925320855,113790,0.0258629565593699,108600,0.0246833384510727,4399729
20260819182423_本月,schedule-18,2026/08,2026/08/19 18:24:23,2896100,0.6595042184268134,209900,0.0477987415654805,1062939,0.2420540569836603,113790,0.0259124287886423,108600,0.0247305542354034,4391329
20260819123642_本月,schedule,2026/08,2026/08/19 12:36:42,2905700,0.6629433663341037,209900,0.0478892564936257,1052239,0.2400711927755896,110190,0.0251401485137333,105000,0.0239560358829476,4383029
20260819093612_本月,schedule,2026/08,2026/08/19 09:36:12,2896700,0.6611162450368353,209900,0.0479056512007566,1059739,0.2418651114713608,110190,0.0251487551491728,105000,0.0239642371418744,4381529
20260819003702_本月,schedule-00,2026/08,2026/08/19 00:37:02,2894500,0.6604031231169841,209900,0.0478903491249801,1063339,0.2426092231929835,110190,0.0251407221061532,105000,0.023956582458899,4382929
20260818182413_本月,schedule-18,2026/08,2026/08/18 18:24:13,2891700,0.6601860356167593,209900,0.0479209630583939,1063339,0.2427643112794166,110190,0.0251567933273198,105000,0.0239718967181103,4380129
20260818123516_本月,schedule,2026/08,2026/08/18 12:35:16,2873100,0.6634830748425813,200300,0.0462551459715878,1041739,0.2405680954033746,110190,0.0254461035177696,105000,0.0242475802646865,4330329
20260818092840_本月,schedule,2026/08,2026/08/18 09:28:40,2868500,0.6641231571653181,200300,0.0463740172146464,1035239,0.2396814338855383,110190,0.0255114975381022,105000,0.0243098941963947,4319229
20260818003326_本月,schedule-00,2026/08,2026/08/18 00:33:26,2869100,0.6641083146286921,200300,0.046363283057449,1035639,0.2397185426976208,110190,0.0255055924118837,105000,0.0243042672043542,4320229
20260817182838_本月,schedule-18,2026/08,2026/08/17 18:28:38,2865300,0.6638126099143528,200300,0.0464040993145027,1035639,0.2399295806788435,110190,0.0255280464476538,105000,0.024325663644647,4316429
20260817124158_本月,schedule,2026/08,2026/08/17 12:41:58,2836300,0.6632464913739138,200300,0.0468385827388481,1026399,0.2400153493987567,108390,0.0253461506892848,105000,0.0245534257991964,4276389
20260817093930_本月,schedule,2026/08,2026/08/17 09:39:30,2806100,0.6643875623314673,193100,0.0457194106718243,1018199,0.2410743564300409,101190,0.0239582970786219,105000,0.0248603734880453,4223589
20260817003128_本月,schedule-00,2026/08,2026/08/17 00:31:28,2814700,0.6662029179247567,193100,0.0457042610051765,1010999,0.2392903271464138,101190,0.0239503582139503,105000,0.0248521357097024,4224989
20260816181935_本月,schedule-18,2026/08,2026/08/16 18:19:35,2785900,0.6654979027463882,193100,0.0461278743028563,1010999,0.2415082071067503,101190,0.0241723438669395,95000,0.0226936719770655,4186189
20260816123542_本月,schedule,2026/08,2026/08/16 12:35:42,2785900,0.6652158423520355,193100,0.0461083237582749,1010999,0.2414058478057595,101190,0.0241620988146029,96775,0.023107887269327,4187964
20260816094111_本月,schedule,2026/08,2026/08/16 09:41:11,2785900,0.6652158423520355,193100,0.0461083237582749,1010999,0.2414058478057595,101190,0.0241620988146029,96775,0.023107887269327,4187964
20260816003048_本月,schedule-00,2026/08,2026/08/16 00:30:48,2782300,0.6649278122075422,193100,0.0461479928610417,1010999,0.2416135403134144,101190,0.0241828865748773,96775,0.0231277680431243,4184364
20260815181852_本月,schedule-18,2026/08,2026/08/15 18:18:52,2778700,0.6654032458134218,193100,0.046240820083698,1010999,0.2420995487508992,101190,0.0242315307315867,91975,0.0220248546203942,4175964
20260815123109_本月,schedule,2026/08,2026/08/15 12:31:09,2770500,0.6647449327745045,193100,0.0463317980576635,1010999,0.2425758752175027,101190,0.024279205828353,91975,0.0220681881219761,4167764
20260815093435_本月,schedule,2026/08,2026/08/15 09:34:35,2769100,0.6646322788887384,193100,0.0463473666727151,1010999,0.242657386632565,101190,0.0242873642341379,91975,0.0220756035718434,4166364
20260815005908_本月,schedule-00,2026/08,2026/08/15 00:59:08,2769100,0.6646322788887384,193100,0.0463473666727151,1010999,0.242657386632565,101190,0.0242873642341379,91975,0.0220756035718434,4166364
20260814185528_本月,schedule-18,2026/08,2026/08/14 18:55:28,2764900,0.6642938625195932,193100,0.0463941353584337,1010999,0.2429022498873182,101190,0.0243118723817706,91975,0.0220978798528842,4162164
20260814133822_本月,schedule,2026/08,2026/08/14 13:38:22,2736500,0.6652543938636634,188900,0.0459223661614639,994899,0.2418640347891704,101190,0.0245997047743702,91975,0.0223595004113321,4113464
20260814102159_本月,schedule,2026/08,2026/08/14 10:21:59,2724100,0.6648258532594795,188900,0.0461016863113379,991299,0.2419298863882635,101190,0.0246957630378204,91975,0.0224468110030985,4097464
20260814010051_本月,schedule,2026/08,2026/08/14 01:00:51,2716900,0.6642033764384676,188900,0.0461805800026598,991499,0.2423927945582701,101190,0.0247380248304348,91975,0.0224852241701674,4090464
20260813185824_本月,schedule-18,2026/08,2026/08/13 18:58:24,2713500,0.6639240295723287,188900,0.0462189973046666,991499,0.2425944394313375,101190,0.0247586042205358,91975,0.0225039294711313,4087064
20260813134040_本月,schedule,2026/08,2026/08/13 13:40:40,2677100,0.662277377232165,185300,0.0458406477162303,986699,0.2440956355151469,101190,0.0250330013081777,91975,0.0227533382282799,4042264
20260813102352_本月,schedule,2026/08,2026/08/13 10:23:52,2672500,0.6637963837813617,185300,0.0460248718109209,975119,0.24220036144303,101190,0.025133603769817,91975,0.0228447791948702,4026084
20260813010130_本月,schedule,2026/08,2026/08/13 01:01:30,2675400,0.6632153226190287,181700,0.045042320445495,983719,0.2438579330012216,101190,0.0250843830813409,91975,0.0228000408529136,4033984
20260812185829_本月,schedule-18,2026/08,2026/08/12 18:58:29,2675400,0.6630180928552453,181700,0.0450289255706803,984919,0.2440827977113311,101190,0.0250769233819325,91975,0.0227932604808107,4035184
20260812133736_本月,schedule,2026/08,2026/08/12 13:37:36,2605800,0.6588815247172862,176900,0.0447295040764786,983819,0.2487605199039972,96390,0.024372396257387,91975,0.0232560550448508,3954884
20260812102202_本月,schedule,2026/08,2026/08/12 10:22:02,2591400,0.6587232147441747,176900,0.0449672519442172,979019,0.2488626005154075,94680,0.0240672663317042,91975,0.0233796664644962,3933974
20260812010233_本月,schedule,2026/08,2026/08/12 01:02:33,2587000,0.6605937325563165,176900,0.0451716394623936,965619,0.2465720368911085,94680,0.0241766581362319,91975,0.0234859329539494,3916174
20260811184808_本月,schedule-18,2026/08,2026/08/11 18:48:08,2582200,0.6597555261104471,176900,0.0451981847141732,965619,0.2467169357010471,94680,0.0241908656231651,94475,0.0241384878511674,3913874
20260811130846_本月,schedule,2026/08,2026/08/11 13:08:46,2525800,0.6531215528043784,176900,0.045742815223333,975419,0.2522239179328902,94680,0.024482361477361,94475,0.0244293525620372,3867274
20260811100450_本月,schedule,2026/08,2026/08/11 10:04:50,2482400,0.6527008046225437,161300,0.0424108281443829,970419,0.255153586094507,94680,0.0248943410335411,94475,0.0248404401050253,3803274
20260811005835_本月,schedule-00,2026/08,2026/08/11 00:58:35,2472600,0.6524227454527513,161300,0.0425607817040883,966819,0.2551058425689086,94680,0.0249823608911536,94475,0.0249282693830982,3789874
20260810190507_本月,schedule,2026/08,2026/08/10 19:05:07,2467000,0.6528745268842986,161300,0.0426869319766669,961219,0.2543799756210776,94680,0.0250564086766945,94475,0.0250021568412623,3778674
20260810132654_本月,schedule,2026/08,2026/08/10 13:26:54,2438800,0.6601567723455272,146900,0.0397642405517295,919419,0.2488767752473151,94680,0.0256288515686708,94475,0.0255733602867572,3694274
20260810101005_本月,schedule,2026/08,2026/08/10 10:10:05,2429200,0.658181725567591,146900,0.0398019494013992,925519,0.2507655575768118,94680,0.0256531556795403,94475,0.0255976117746575,3690774
20260810004157_本月,schedule-00,2026/08,2026/08/10 00:41:57,2425600,0.6575269980216721,146900,0.0398213703864543,927319,0.2513758568100507,94680,0.0256656728944145,94475,0.0256101018874082,3688974
20260809183034_本月,schedule-18,2026/08,2026/08/09 18:30:34,2417600,0.6567470051673733,146900,0.0399057474599136,927519,0.2519628249031423,94680,0.0257200556126931,94475,0.0256643668568777,3681174
20260809130508_本月,schedule,2026/08,2026/08/09 13:05:08,2417600,0.6588230677457383,146900,0.0400318947103941,915919,0.2495981822413173,94680,0.0258013600488776,94475,0.0257454952536724,3669574
20260809100510_本月,schedule,2026/08,2026/08/09 10:05:10,2415000,0.6585811625607381,146900,0.0400602785839223,915919,0.2497751552097178,94680,0.0258196540253626,94475,0.0257637496202591,3666974
20260809004010_本月,schedule-00,2026/08,2026/08/09 00:40:10,2407800,0.6579094774704668,146900,0.0401390905558649,915919,0.2502665465135278,94680,0.025870449923957,94475,0.0258144355361833,3659774
20260808182840_本月,schedule-18,2026/08,2026/08/08 18:28:40,2405000,0.6581874966816951,146900,0.0402028038513684,915919,0.250663797826695,94680,0.0259115144223795,91475,0.0250343872178619,3653974
20260808125631_本月,schedule,2026/08,2026/08/08 12:56:31,2400800,0.6577941538297988,146900,0.0402490674765067,915919,0.2509522507421007,94680,0.0259413322578329,91475,0.0250631956937607,3649774
20260808095751_本月,schedule,2026/08,2026/08/08 09:57:51,2395600,0.657739031688217,146900,0.0403330538299378,913519,0.2508169571250577,94680,0.025995463149207,91475,0.0251154942075804,3642174
20260808005813_本月,schedule-00,2026/08,2026/08/08 00:58:13,2388400,0.6583651572562128,146900,0.0404931508963899,906319,0.2498278558697427,94680,0.0260986489235547,91475,0.0252151870540998,3627774
20260807184941_本月,schedule-18,2026/08,2026/08/07 18:49:41,2388400,0.6583651572562128,146900,0.0404931508963899,906319,0.2498278558697427,94680,0.0260986489235547,91475,0.0252151870540998,3627774
20260807134024_本月,schedule,2026/08,2026/08/07 13:40:24,2309600,0.6507796337758462,146900,0.0413922446318288,906319,0.2553749337132365,94680,0.0266781328913652,91475,0.0257750549877232,3548974
20260807105314_本月,schedule,2026/08,2026/08/07 10:53:14,2310800,0.6508976743111746,146900,0.0413782535729234,906319,0.2552886140228619,94680,0.0266691153729366,91475,0.0257663427201032,3550174
20260806200045_本月,schedule,2026/08,2026/08/06 20:00:45,2278400,0.6501589156865106,143300,0.0408917541335485,896519,0.255828573091799,94680,0.027017664210498,91475,0.0261030928776437,3504374
20260806143046_本月,schedule,2026/08,2026/08/06 14:30:46,2229000,0.6458297478047873,143300,0.0415196962137398,892919,0.2587140657604768,94680,0.0274325529484779,91475,0.0265039372725181,3451374
20260806105721_本月,schedule,2026/08,2026/08/06 10:57:21,2209200,0.6439175557015501,143300,0.0417677827865436,892219,0.260055892463553,94680,0.0275964666729235,91475,0.0266623023754297,3430874
20260806014605_本月,schedule,2026/08,2026/08/06 01:46:05,2199200,0.6438930584744607,143300,0.0419561091666925,888619,0.2601744296692055,92880,0.0271938828988304,91475,0.0267825197908108,3415474
20260805195717_本月,schedule,2026/08,2026/08/05 19:57:17,2194400,0.6443743220473861,143300,0.0420793111326059,888619,0.2609384185578865,92880,0.0272737363433108,86275,0.0253342119188107,3405474
20260805142838_本月,schedule,2026/08,2026/08/05 14:28:38,2159800,0.6418093091174483,143300,0.0425832364091723,882919,0.2623694941182833,92880,0.0276003558805577,86275,0.0256376044745383,3365174
20260805105351_本月,schedule,2026/08,2026/08/05 10:53:51,2159800,0.6453378686460454,138500,0.041383134923362,869319,0.2597483427324343,92880,0.0277520979904827,86275,0.0257785557076755,3346774
20260805015307_本月,schedule,2026/08,2026/08/05 01:53:07,2140600,0.643407492814792,138500,0.0416294206086371,868719,0.2611138530087701,92880,0.0279172605496766,86275,0.0259319730181239,3326974
20260804200047_本月,schedule,2026/08,2026/08/04 20:00:47,2133400,0.6433317431473741,138500,0.0417649978559629,865119,0.2608786511202368,92880,0.0280081805116378,86275,0.0260164273647884,3316174
20260804142806_本月,schedule,2026/08,2026/08/04 14:28:06,2112800,0.6434060322056269,138500,0.0421770803959103,853319,0.2598592351361574,92880,0.0282845287160444,86275,0.0262731235462611,3283774
20260804105736_本月,schedule,2026/08,2026/08/04 10:57:36,2084000,0.6420656521372098,138500,0.0426708698757214,844119,0.2600670903149757,92880,0.028615670715213,86275,0.0265807169568799,3245774
20260804015645_本月,schedule,2026/08,2026/08/04 01:56:45,2043600,0.637753270997705,139700,0.0435966588169795,841919,0.2627405540052441,92880,0.0289853806078816,86275,0.0269241355721897,3204374
20260803205357_本月,schedule,2026/08,2026/08/03 20:53:57,2038800,0.6408148922514454,134900,0.0424003967847361,828719,0.2604745324169735,92880,0.0291930975045684,86275,0.0271170810422765,3181574
20260803152645_本月,schedule,2026/08,2026/08/03 15:26:45,2003600,0.6443015521634717,131300,0.0422223965856777,802719,0.2581319113850618,90480,0.029095829726368,81625,0.0262483101394207,3109724
20260803112929_本月,schedule,2026/08,2026/08/03 11:29:29,1975200,0.6430683921076312,131300,0.0427475090541372,795319,0.258933024778579,88080,0.0286763183357838,81625,0.0265747557238686,3071524
20260803010627_本月,schedule,2026/08,2026/08/03 01:06:27,1966400,0.6455204870029256,127700,0.0419207517241017,782419,0.2568488069163659,88080,0.028914485605786,81625,0.0267954687508206,3046224
20260802191407_本月,schedule,2026/08,2026/08/02 19:14:07,1958200,0.6445637032492173,127700,0.0420339009830073,782419,0.2575420734003418,88080,0.0289925293546068,81625,0.0268677930128267,3038024
20260802143328_本月,schedule,2026/08,2026/08/02 14:33:28,1958200,0.6450733028859964,127700,0.0420671334789815,780019,0.2569550774404208,88080,0.0290154511889483,81625,0.0268890350056528,3035624
20260802112716_本月,schedule,2026/08,2026/08/02 11:27:16,1954600,0.6446518892990293,127700,0.0421170808674337,780019,0.2572601668060675,88080,0.0290499019796677,81625,0.0269209610478017,3032024
20260802010622_本月,schedule,2026/08,2026/08/02 01:06:22,1947400,0.644317276464189,127700,0.0422508556046405,777619,0.2572832269727874,88080,0.0291421719785179,81625,0.0270064689798651,3022424
20260801191411_本月,schedule,2026/08,2026/08/01 19:14:11,1938800,0.6449286546844147,127700,0.0424785378601195,770019,0.2561415915780061,88080,0.0292992138975671,81625,0.0271520019798923,3006224
20260801142931_本月,schedule,2026/08,2026/08/01 14:29:31,1935200,0.6433031582754476,127700,0.0424502962545342,775619,0.2578328608507877,88080,0.0292797344878572,81625,0.0271339501313731,3008224
20260801112742_本月,schedule,2026/08,2026/08/01 11:27:42,1935200,0.6438168036451901,127700,0.0424841906911382,773219,0.2572402775412,88080,0.0293031128901758,81625,0.0271556152322957,3005824
20260801014453_本月,schedule,2026/08,2026/08/01 01:44:53,1935200,0.6438168036451901,127700,0.0424841906911382,773219,0.2572402775412,88080,0.0293031128901758,81625,0.0271556152322957,3005824
20260731195700_本月,schedule,2026/07,2026/07/31 19:57:00,3274200,0.6996427424405698,257800,0.0550876241528247,851717,0.1819979285514796,140000,0.0299156996950949,156100,0.0333560051600308,4679817
20260731144413_本月,schedule,2026/07,2026/07/31 14:44:13,3274200,0.6996427424405698,257800,0.0550876241528247,851717,0.1819979285514796,140000,0.0299156996950949,156100,0.0333560051600308,4679817
20260731112842_本月,schedule,2026/07,2026/07/31 11:28:42,3274200,0.6996427424405698,257800,0.0550876241528247,851717,0.1819979285514796,140000,0.0299156996950949,156100,0.0333560051600308,4679817
20260731014159_本月,schedule,2026/07,2026/07/31 01:41:59,3274200,0.6982104598503396,257800,0.0549748508183426,856517,0.1826489305600248,144800,0.0308780387839255,156100,0.0332877199873673,4689417
20260730195004_本月,schedule,2026/07,2026/07/30 19:50:04,3274200,0.6982104598503396,257800,0.0549748508183426,856517,0.1826489305600248,144800,0.0308780387839255,156100,0.0332877199873673,4689417
20260730142853_本月,schedule,2026/07,2026/07/30 14:28:53,3274200,0.6982104598503396,257800,0.0549748508183426,856517,0.1826489305600248,144800,0.0308780387839255,156100,0.0332877199873673,4689417
20260730104606_本月,schedule,2026/07,2026/07/30 10:46:06,3274200,0.6982104598503396,257800,0.0549748508183426,856517,0.1826489305600248,144800,0.0308780387839255,156100,0.0332877199873673,4689417
20260730012023_本月,schedule,2026/07,2026/07/30 01:20:23,3274200,0.6982104598503396,257800,0.0549748508183426,856517,0.1826489305600248,144800,0.0308780387839255,156100,0.0332877199873673,4689417
20260729195842_本月,schedule,2026/07,2026/07/29 19:58:42,3274200,0.6982104598503396,257800,0.0549748508183426,856517,0.1826489305600248,144800,0.0308780387839255,156100,0.0332877199873673,4689417
20260729143111_本月,schedule,2026/07,2026/07/29 14:31:11,3274200,0.6982104598503396,257800,0.0549748508183426,856517,0.1826489305600248,144800,0.0308780387839255,156100,0.0332877199873673,4689417
20260729111342_本月,schedule,2026/07,2026/07/29 11:13:42,3274200,0.6982104598503396,257800,0.0549748508183426,856517,0.1826489305600248,144800,0.0308780387839255,156100,0.0332877199873673,4689417
20260729014000_本月,schedule,2026/07,2026/07/29 01:40:00,3274200,0.698121136874344,257800,0.0549678178138799,854717,0.1822417701257799,147200,0.0313858137401207,156100,0.0332834614458753,4690017
20260728195513_本月,schedule,2026/07,2026/07/28 19:55:13,3274200,0.698121136874344,257800,0.0549678178138799,854717,0.1822417701257799,147200,0.0313858137401207,156100,0.0332834614458753,4690017
20260728142734_本月,schedule,2026/07,2026/07/28 14:27:34,3274200,0.698121136874344,257800,0.0549678178138799,854717,0.1822417701257799,147200,0.0313858137401207,156100,0.0332834614458753,4690017
20260728105352_本月,schedule,2026/07,2026/07/28 10:53:52,3274200,0.698121136874344,257800,0.0549678178138799,854717,0.1822417701257799,147200,0.0313858137401207,156100,0.0332834614458753,4690017
20260728014722_本月,schedule,2026/07,2026/07/28 01:47:22,3267600,0.697695720880716,257800,0.0550452799740018,854717,0.1824985902387081,147200,0.0314300434917497,156100,0.0333303654148242,4683417
20260727205400_本月,schedule,2026/07,2026/07/27 20:54:00,3267600,0.697695720880716,257800,0.0550452799740018,854717,0.1824985902387081,147200,0.0314300434917497,156100,0.0333303654148242,4683417
20260727153212_本月,schedule,2026/07,2026/07/27 15:32:12,3253200,0.6967633658219706,257800,0.0552150484780843,854717,0.1830614452678154,147200,0.0315269788051746,156100,0.0334331616269548,4669017
20260727113804_本月,schedule,2026/07,2026/07/27 11:38:04,3236000,0.696720526148873,257800,0.0555051148458527,847517,0.182472957404238,147200,0.0316926024255606,156100,0.0336087991754756,4644617
20260727010834_本月,schedule,2026/07,2026/07/27 01:08:34,3233400,0.6970912705778717,257800,0.0555793064746011,843917,0.1819407353845072,147200,0.0317349647519832,156100,0.0336537228110366,4638417
20260726191645_本月,schedule,2026/07,2026/07/26 19:16:45,3233400,0.6970912705778717,257800,0.0555793064746011,843917,0.1819407353845072,147200,0.0317349647519832,156100,0.0336537228110366,4638417
20260726143738_本月,schedule,2026/07,2026/07/26 14:37:38,3233400,0.6974521448044734,255400,0.0550903933268579,843917,0.1820349235130069,147200,0.0317513934914388,156100,0.0336711448642228,4636017
20260726112917_本月,schedule,2026/07,2026/07/26 11:29:17,3233400,0.6974521448044734,255400,0.0550903933268579,843917,0.1820349235130069,147200,0.0317513934914388,156100,0.0336711448642228,4636017
20260726010542_本月,schedule,2026/07,2026/07/26 01:05:42,3233400,0.6974521448044734,255400,0.0550903933268579,843917,0.1820349235130069,147200,0.0317513934914388,156100,0.0336711448642228,4636017
20260725190656_本月,schedule,2026/07,2026/07/25 19:06:56,3233400,0.6977531588684288,255400,0.0551141698444351,843917,0.1821134881464612,147200,0.0317650971068945,154100,0.0332540860337801,4634017
20260725141854_本月,schedule,2026/07,2026/07/25 14:18:54,3233400,0.6977531588684288,255400,0.0551141698444351,843917,0.1821134881464612,147200,0.0317650971068945,154100,0.0332540860337801,4634017
20260725111549_本月,schedule,2026/07,2026/07/25 11:15:49,3229800,0.6975181716895045,255400,0.0551570193354075,843917,0.182255075514797,147200,0.031789793446249,154100,0.0332799400140419,4630417
20260725014231_本月,schedule,2026/07,2026/07/25 01:42:31,3229800,0.6975181716895045,255400,0.0551570193354075,843917,0.182255075514797,147200,0.031789793446249,154100,0.0332799400140419,4630417
20260724193925_本月,schedule,2026/07,2026/07/24 19:39:25,3217800,0.6967322353091979,255400,0.0553003334259336,843917,0.1827286275795364,147200,0.0318723926401622,154100,0.0333664110451698,4618417
20260724142633_本月,schedule,2026/07,2026/07/24 14:26:33,3215400,0.6965745576760224,255400,0.0553290856597798,843917,0.1828236334484903,147200,0.0318889640137807,154100,0.0333837592019266,4616017
20260724111721_本月,schedule,2026/07,2026/07/24 11:17:21,3217800,0.6967322353091979,255400,0.0553003334259336,843917,0.1827286275795364,147200,0.0318723926401622,154100,0.0333664110451698,4618417
20260724013544_本月,schedule,2026/07,2026/07/24 01:35:44,3195000,0.6955909115550168,253000,0.0550812208524004,843917,0.1837311409410877,147200,0.0320472557686693,154100,0.0335494708828257,4593217
20260723194918_本月,schedule,2026/07,2026/07/23 19:49:18,3197400,0.6961134211599408,253000,0.0550812208524004,843917,0.1837311409410877,147200,0.0320472557686693,151700,0.0330269612779017,4593217
20260723143051_本月,schedule,2026/07,2026/07/23 14:30:51,3193800,0.6964213172345415,253000,0.0551676978083596,840317,0.1832346020522819,147200,0.0320975696339546,151700,0.0330788132708622,4586017
20260723112311_本月,schedule,2026/07,2026/07/23 11:23:11,3197400,0.6966594380315394,253000,0.0551244254150182,840317,0.183090876646134,147200,0.0320723929687379,151700,0.0330528669385702,4589617
20260723012532_本月,schedule,2026/07,2026/07/23 01:25:32,3186600,0.6959439523352866,253000,0.0552544467271786,840317,0.1835227308713145,147200,0.0321480417321766,151700,0.0331308283340434,4578817
20260722194548_本月,schedule,2026/07,2026/07/22 19:45:48,3186600,0.6959439523352866,253000,0.0552544467271786,840317,0.1835227308713145,147200,0.0321480417321766,151700,0.0331308283340434,4578817
20260722142821_本月,schedule,2026/07,2026/07/22 14:28:21,3184200,0.6966979161857659,250600,0.054830883046339,836717,0.1830723542293843,147200,0.0322071268332845,151700,0.033191719705226,4570417
20260722111657_本月,schedule,2026/07,2026/07/22 11:16:57,3172200,0.6958994756293687,250600,0.0549752249519953,836717,0.1835542908865073,147200,0.032291911863263,151700,0.0332790966688655,4558417
20260722012640_本月,schedule,2026/07,2026/07/22 01:26:40,3167600,0.6958673484743136,250600,0.055052518476974,836717,0.1838123627394186,145400,0.0319418842240703,151700,0.0333258860852233,4552017
20260721194506_本月,schedule,2026/07,2026/07/21 19:45:06,3164800,0.6960473667622866,248200,0.0545876379014154,836717,0.1840225810715496,145400,0.0319784147899508,151700,0.0333639994747974,4546817
20260721142838_本月,schedule,2026/07,2026/07/21 14:28:38,3151300,0.6954029874987229,248200,0.054770736361877,836717,0.1846398316539107,143700,0.031710535113625,151700,0.0334759093718643,4531617
20260721111834_本月,schedule,2026/07,2026/07/21 11:18:34,3125200,0.6936384881024753,248200,0.0550880176459216,836717,0.1857094313482781,143700,0.0318942310061198,151700,0.0336698318972051,4505517
20260721021013_本月,schedule,2026/07,2026/07/21 02:10:13,3106200,0.6921713684568002,248200,0.0553077501934768,839117,0.186984985572521,142400,0.0317317632052824,151700,0.0338041325719195,4487617
20260720201419_本月,schedule,2026/07,2026/07/20 20:14:19,3106200,0.6921713684568002,248200,0.0553077501934768,839117,0.186984985572521,142400,0.0317317632052824,151700,0.0338041325719195,4487617
20260720144636_本月,schedule,2026/07,2026/07/20 14:46:36,3108800,0.692318775739536,248200,0.0552732630399359,839317,0.1869129303581382,142400,0.0317119768609463,151700,0.0337830540014435,4490417
20260720113812_本月,schedule,2026/07,2026/07/20 11:38:12,3079800,0.6905045202957614,248200,0.0556475167015416,839317,0.1881785123907648,141200,0.0316576525312557,151700,0.0340117980806763,4460217
20260720010403_本月,schedule,2026/07,2026/07/20 01:04:03,3081000,0.6904639554732547,248200,0.0556225750563004,836517,0.1874666785591108,144800,0.0324502371803074,151700,0.0339965537310265,4462217
20260719190724_本月,schedule,2026/07,2026/07/19 19:07:24,3073800,0.6899636971082265,248200,0.0557124697840659,836517,0.1877696538531727,144800,0.0325026818079482,151700,0.0340514974465866,4455017
20260719143046_本月,schedule,2026/07,2026/07/19 14:30:46,3070200,0.689712961063859,248200,0.0557575261989609,836517,0.1879215090385825,144800,0.0325289677421818,151700,0.0340790359564156,4451417
20260719112357_本月,schedule,2026/07,2026/07/19 11:23:57,3055000,0.68864981131446,248200,0.0559485705951715,836517,0.1885653925405362,144800,0.0326404231352974,151700,0.0341958024145347,4436217
20260719010233_本月,schedule,2026/07,2026/07/19 01:02:33,3059800,0.6889863290322915,248200,0.0558880995051358,836517,0.1883615847451158,144800,0.032605144272134,151700,0.0341588424453227,4441017
20260718190011_本月,schedule,2026/07,2026/07/18 19:00:11,3039400,0.688298450773662,248200,0.0562070393768582,836517,0.1894365187687805,144800,0.0327912139474982,146900,0.0332667771332009,4415817
20260718140552_本月,schedule,2026/07,2026/07/18 14:05:52,3031000,0.6877043855845726,248200,0.0563141631481659,836517,0.1897975617011052,144800,0.0328537100074715,146900,0.0333301795586848,4407417
20260718105255_本月,schedule,2026/07,2026/07/18 10:52:55,3030400,0.6876618656958072,248200,0.0563218304731056,836517,0.1898234031501648,144800,0.0328581831285483,146900,0.0333347175523739,4406817
20260718011731_本月,schedule,2026/07,2026/07/18 01:17:31,3035200,0.6885635876631148,248200,0.0563064979105116,832917,0.1889550335218761,144800,0.032849238104118,146900,0.0333256428003794,4408017
20260717191954_本月,schedule,2026/07,2026/07/17 19:19:54,3032800,0.6883939298400201,248200,0.0563371713882527,832917,0.1890579684979425,144800,0.0328671330258622,146900,0.0333437972479223,4405617
20260717141650_本月,schedule,2026/07,2026/07/17 14:16:50,3030800,0.6882524070553819,248200,0.0563627581599398,832917,0.1891438333533547,144800,0.0328820603608351,146900,0.0333589410704881,4403617
20260717111535_本月,schedule,2026/07,2026/07/17 11:15:35,3018800,0.6879645179132169,248200,0.0565631354664305,829317,0.1889958493779764,144800,0.0329989605783204,146900,0.0334775366640557,4388017
20260717012449_本月,schedule,2026/07,2026/07/17 01:24:49,3005600,0.6875888339563101,248200,0.0567805258810075,825717,0.1888986522517642,144800,0.0331257862512888,146900,0.0336062016596293,4371217
20260716193731_本月,schedule,2026/07,2026/07/16 19:37:31,2999200,0.6879740115018648,248200,0.0569335655023882,825717,0.1894077876951471,144800,0.0332150696403941,141550,0.0324695656602057,4359467
20260716141852_本月,schedule,2026/07,2026/07/16 14:18:52,2975600,0.6879893421304225,233800,0.0540569660539362,829317,0.1917466249655785,144800,0.0334792501480323,141550,0.0327278167020302,4325067
20260716111226_本月,schedule,2026/07,2026/07/16 11:12:26,2943800,0.687006457692673,233800,0.0545628472751365,825717,0.1927009006137036,144800,0.0337925589625311,136850,0.0319372354559556,4284967
20260716012252_本月,schedule,2026/07,2026/07/16 01:22:52,2947600,0.6881340073043618,231400,0.0540216478797086,824418,0.1924650773625482,143200,0.0334308555590937,136850,0.0319484118942875,4283468
20260715192710_本月,schedule,2026/07,2026/07/15 19:27:10,2942800,0.6889757327332305,231400,0.054175949624327,824418,0.1930148143361643,143200,0.0335263439334642,129450,0.0303071593728138,4271268
20260715141439_本月,schedule,2026/07,2026/07/15 14:14:39,2898600,0.6872844085598279,231400,0.0548670434488181,814818,0.1932007545759683,143200,0.0339540217021208,129450,0.0306937717132649,4217468
20260715105137_本月,schedule,2026/07,2026/07/15 10:51:37,2896400,0.6889189747180722,229000,0.0544684591943234,811218,0.1929510678196537,138200,0.0328713583434738,129450,0.0307901399244767,4204268
20260715012010_本月,schedule,2026/07,2026/07/15 01:20:10,2901200,0.6895686226786599,229000,0.0544296203617169,809418,0.1923856526372933,138200,0.0328479193623985,129450,0.0307681849599312,4207268
20260714192418_本月,schedule,2026/07,2026/07/14 19:24:18,2895600,0.6891548784911136,229000,0.0545021643785277,809418,0.192642065008468,138200,0.0328916992013647,129450,0.0308091929205258,4201668
20260714141119_本月,schedule,2026/07,2026/07/14 14:11:19,2859400,0.6866760259915785,229000,0.054993638508803,809418,0.1943792178799928,138200,0.033188300619723,128100,0.0307628169999025,4164118
20260714105251_本月,schedule,2026/07,2026/07/14 10:52:51,2822000,0.6848985927785185,225000,0.0546074356396763,807018,0.1958630377558237,138200,0.0335411004684589,128100,0.0310898333575224,4120318
20260714015952_本月,schedule,2026/07,2026/07/14 01:59:52,2818500,0.6858635456407696,225000,0.0547522787898432,799618,0.1945818118283416,138200,0.0336300663500281,128100,0.0311722973910174,4109418
20260713202929_本月,schedule,2026/07,2026/07/13 20:29:29,2804100,0.6851269711968624,225000,0.0549743477476887,799618,0.1953710133213839,138200,0.0337664660388026,125900,0.0307612016952622,4092818
20260713145348_本月,schedule,2026/07,2026/07/13 14:53:48,2859300,0.6876577069707083,225000,0.0541121897207041,808218,0.1943753144519469,139610,0.0335760124751444,125900,0.0302787763814962,4158028
20260713113059_本月,schedule,2026/07,2026/07/13 11:30:59,2842600,0.687261129249385,221400,0.0535283240750769,806618,0.1950176590279604,139610,0.0337537909851919,125900,0.0304390966623856,4136128
20260713010535_本月,schedule,2026/07,2026/07/13 01:05:35,2732000,0.6778604619772882,219000,0.0543380092141384,813818,0.2019235159024278,139610,0.0346398605771043,125900,0.0312381523290412,4030328
20260712190835_本月,schedule,2026/07,2026/07/12 19:08:35,2721200,0.6769949108452534,219000,0.0544840090677313,813818,0.2024660606917031,139610,0.0347329338171048,125900,0.0313220855782071,4019528
20260712143317_本月,schedule,2026/07,2026/07/12 14:33:17,2714000,0.6770227363891987,215400,0.05373275512831,813818,0.2030115288440622,139610,0.0348265085583257,125900,0.0314064710801032,4008728
20260712112803_本月,schedule,2026/07,2026/07/12 11:28:03,2710400,0.6767324290259887,215400,0.0537810526904508,813818,0.2031940052852243,139610,0.034857812284651,125900,0.031434700713685,4005128
20260712010333_本月,schedule,2026/07,2026/07/12 01:03:33,2726000,0.677986673060202,215400,0.0535723878859748,813818,0.2024056340045882,139610,0.0347225676544148,125900,0.03131273739482,4020728
20260711190207_本月,schedule,2026/07,2026/07/11 19:02:07,2726000,0.677986673060202,215400,0.0535723878859748,813818,0.2024056340045882,139610,0.0347225676544148,125900,0.03131273739482,4020728
20260711141340_本月,schedule,2026/07,2026/07/11 14:13:40,2716400,0.6788406828591478,205800,0.0514303536049229,813818,0.2033768100585576,139610,0.0348891723361675,125900,0.031462981141204,4001528
20260711111624_本月,schedule,2026/07,2026/07/11 11:16:24,2712800,0.6785514896716499,205800,0.0514766649124246,813818,0.2035599440510184,139610,0.034920588865032,125900,0.0314913124998749,3997928
20260711015114_本月,schedule,2026/07,2026/07/11 01:51:14,2697800,0.677953664538334,205800,0.051717274876562,810218,0.2036067396304099,139610,0.0350838131463402,125900,0.0316385078083535,3979328
20260710202337_本月,schedule,2026/07,2026/07/10 20:23:37,2681000,0.67658827899765,205800,0.0519365415209684,810218,0.204469974723207,139610,0.0352325586090495,125900,0.031772646149125,3962528
20260710153619_本月,schedule,2026/07,2026/07/10 15:36:19,2731400,0.6812612986515446,202200,0.0504323916626427,810218,0.2020832418799359,139610,0.0348212967360116,125900,0.031401771069865,4009328
20260710114952_本月,schedule,2026/07,2026/07/10 11:49:52,2678600,0.6770077198998719,202200,0.0511054136353894,810218,0.2047800495788226,139610,0.0352859881188759,125900,0.0318208287670401,3956528
20260710020200_本月,schedule,2026/07,2026/07/10 02:02:00,2648000,0.6744902097032854,197400,0.0502811055118687,815018,0.2075988148534563,139610,0.0355610189488956,125900,0.0320688509824938,3925928
20260709154748_本月,schedule,2026/07,2026/07/09 15:47:48,2747000,0.683566630203144,192600,0.0479268048697217,815018,0.2028100137658922,141410,0.0351886265660817,122600,0.0305079245951603,4018628
20260709114835_本月,schedule,2026/07,2026/07/09 11:48:35,2744600,0.6857851622936598,192600,0.0481243978203595,800918,0.2001230345456217,141410,0.0353337024702858,122600,0.0306337028700731,4002128
20260709014345_本月,schedule,2026/07,2026/07/09 01:43:45,2740000,0.6853344432082856,195000,0.0487738016151882,800918,0.2003272597027349,139530,0.0348995309711139,122600,0.0306649645026773,3998048
20260708194535_本月,schedule,2026/07,2026/07/08 19:45:35,2726600,0.6848176239194393,195000,0.0489765409903508,800918,0.2011599654200504,139530,0.035044598791711,119450,0.0300012708784482,3981498
20260708142853_本月,schedule,2026/07,2026/07/08 14:28:53,2703200,0.685031137087827,189000,0.0478954146602542,794918,0.2014440594227513,139530,0.0353589799341019,119450,0.0302704088950654,3946098
20260708112135_本月,schedule,2026/07,2026/07/08 11:21:35,2696000,0.6823765128839064,193800,0.0490521395389098,802118,0.2030216927898417,139530,0.0353160218259241,119450,0.0302336329614178,3950898
20260708020520_本月,schedule,2026/07,2026/07/08 02:05:20,2681000,0.683301398359363,189000,0.0481700724691979,794618,0.2025227864832228,139530,0.0355617471514665,119450,0.0304439955367496,3923598
20260707202611_本月,schedule,2026/07,2026/07/07 20:26:11,2683800,0.6835272430354743,189000,0.0481357213405263,794618,0.2023783630696633,139530,0.0355363872944108,119450,0.0304222852599252,3926398
20260707153939_本月,schedule,2026/07,2026/07/07 15:39:39,2683800,0.685762819788849,189000,0.0482931563231583,781818,0.1997696237579843,139530,0.0356526142950808,119450,0.0305217858349273,3913598
20260707115506_本月,schedule,2026/07,2026/07/07 11:55:06,2667000,0.684829850467261,189000,0.0485312492457114,779418,0.2001382498655761,139530,0.0358283873399688,119450,0.0306722630814826,3894398
20260707021515_本月,schedule,2026/07,2026/07/07 02:15:15,2670200,0.686074350500694,189000,0.0485611760334923,776218,0.1994394652823562,137130,0.0352338310554116,119450,0.0306911771280458,3891998
20260706214239_本月,schedule,2026/07,2026/07/06 21:42:39,2660600,0.6852981069946976,189000,0.0486812531842433,776218,0.1999326189638465,137130,0.0353209536992343,119450,0.0307670671579781,3882398
20260706162143_本月,schedule,2026/07,2026/07/06 16:21:43,2656200,0.6863214750253088,189000,0.048834710782239,768418,0.1985474644966484,137130,0.0354322957120023,119450,0.0308640539838013,3870198
20260706120357_本月,schedule,2026/07,2026/07/06 12:03:57,2588400,0.6815887305607387,189000,0.0497683009102069,763618,0.2010792084891555,137130,0.0361096672159612,119450,0.0314540928239376,3797598
20260706011808_本月,schedule,2026/07,2026/07/06 01:18:08,2574000,0.6829582546410118,189000,0.0501472844316826,752918,0.1997713920620828,133530,0.0354294544453047,119450,0.0316936144199179,3768898
20260705192830_本月,schedule,2026/07,2026/07/05 19:28:30,2570400,0.6826551311476542,189000,0.0501952302314451,752918,0.1999623934148107,133530,0.0354633285333591,119450,0.0317239166727308,3765298
20260705152633_本月,schedule,2026/07,2026/07/05 15:26:33,2574000,0.6836112307711103,189000,0.0501952302314451,749318,0.1990062937913546,133530,0.0354633285333591,119450,0.0317239166727308,3765298
20260705115732_本月,schedule,2026/07,2026/07/05 11:57:32,2570400,0.6837446778627286,189000,0.0502753439604947,749318,0.1993239163269312,133530,0.0355199295187559,117050,0.0311361323310894,3759298
20260705011305_本月,schedule,2026/07,2026/07/05 01:13:05,2559000,0.6832932008721802,189000,0.0504659691148269,746518,0.1993320335008589,133530,0.0356546077031896,117050,0.0312541888089443,3745098
20260704192423_本月,schedule,2026/07,2026/07/04 19:24:23,2559000,0.683804443152309,189000,0.0505037279233241,743718,0.1987329710247553,133530,0.0356812846010659,117050,0.0312775732985454,3742298
20260704144739_本月,schedule,2026/07,2026/07/04 14:47:39,2549400,0.6842010059853498,186600,0.0500791981316648,743718,0.1995970046949919,133530,0.0358364165408424,112850,0.0302863746471509,3726098
20260704113840_本月,schedule,2026/07,2026/07/04 11:38:40,2525800,0.6821880795074028,186600,0.0503984066973162,743718,0.2008692509759627,133530,0.036064840548192,112850,0.0304794222711261,3702498
20260704013902_本月,schedule,2026/07,2026/07/04 01:39:02,2520200,0.6817066632620105,186600,0.0504747493709591,743718,0.2011735243980223,133530,0.0361194709726911,112850,0.0305255919963169,3696898
20260703200741_本月,schedule,2026/07,2026/07/03 20:07:41,2520400,0.6817238818121673,186600,0.0504720188645256,743718,0.201162641617831,133530,0.0361175170363349,112850,0.030523940669141,3697098
20260703152127_本月,schedule,2026/07,2026/07/03 15:21:27,2511400,0.681094937268428,179400,0.048653512680559,754518,0.2046262602046268,133530,0.0362135091874863,108450,0.0294117806588998,3687298
20260703114639_本月,schedule,2026/07,2026/07/03 11:46:39,2503600,0.6811964635248625,179400,0.0488123684120308,750318,0.2041516089307588,133530,0.036331747792968,108450,0.0295078113393798,3675298
20260703015615_本月,schedule,2026/07,2026/07/03 01:56:15,2467800,0.6809230621505779,179400,0.0495006067549289,735018,0.2028084558294,133530,0.0368440134893292,108450,0.0299238617757639,3624198
20260702200818_本月,schedule,2026/07,2026/07/02 20:08:18,2459600,0.6807925492575386,179400,0.0496561161720614,735018,0.2034455919540484,133530,0.036959761384924,105300,0.0291459812314273,3612848
20260702153347_本月,schedule,2026/07,2026/07/02 15:33:47,2422000,0.6780613827524925,175800,0.0492168419025137,735318,0.2058590998525174,133530,0.0373829630218581,105300,0.0294797124706182,3571948
20260702120144_本月,schedule,2026/07,2026/07/02 12:01:44,2407000,0.6782482653525876,175800,0.0495372019314436,730518,0.2058465169542341,133530,0.0376262945045828,102000,0.0287417212571516,3548848
20260702020323_本月,schedule,2026/07,2026/07/02 02:03:23,2359600,0.6775498858881486,175800,0.0504802805302324,711618,0.2043383178063877,133530,0.0383426158088847,102000,0.0292888999663464,3482548
20260701203213_本月,schedule,2026/07,2026/07/01 20:32:13,2338300,0.6755655763470286,175800,0.050790928589919,711618,0.2055957851041011,133530,0.0385785705040494,102000,0.0294691394549018,3461248
20260701161445_本月,schedule,2026/07,2026/07/01 16:14:45,2331900,0.6777896366984765,171000,0.0497028293989619,709218,0.2061411769630001,133530,0.0388118059043473,94800,0.027554551035214,3440448
20260701122213_本月,schedule,2026/07,2026/07/01 12:22:13,2305700,0.6791161975854956,171000,0.0503659928816063,690118,0.2032659548273006,133530,0.0393296551431631,94800,0.0279221995624343,3395148
20260701020254_本月,schedule,2026/07,2026/07/01 02:02:54,2294300,0.6807308918841615,171000,0.0507366004934802,676718,0.2007857942265902,133530,0.0396190541748211,94800,0.0281276592209469,3370348
20260630200702_本月,schedule,2026/06,2026/06/30 20:07:02,3143300,0.6441073693973078,344400,0.0705725123343087,1059827,0.2171737921885409,237330,0.0486323297105154,95230,0.019513996369327,4880087
20260630155451_本月,schedule,2026/06,2026/06/30 15:54:51,3143300,0.6441073693973078,344400,0.0705725123343087,1059827,0.2171737921885409,237330,0.0486323297105154,95230,0.019513996369327,4880087
20260630120613_本月,schedule,2026/06,2026/06/30 12:06:13,3143300,0.6441073693973078,344400,0.0705725123343087,1059827,0.2171737921885409,237330,0.0486323297105154,95230,0.019513996369327,4880087
20260630021255_本月,schedule,2026/06,2026/06/30 02:12:55,3143300,0.6441073693973078,344400,0.0705725123343087,1059827,0.2171737921885409,237330,0.0486323297105154,95230,0.019513996369327,4880087
20260629220226_本月,schedule,2026/06,2026/06/29 22:02:26,3143300,0.6441073693973078,344400,0.0705725123343087,1059827,0.2171737921885409,237330,0.0486323297105154,95230,0.019513996369327,4880087
20260629165957_本月,schedule,2026/06,2026/06/29 16:59:57,3143300,0.6441073693973078,344400,0.0705725123343087,1059827,0.2171737921885409,237330,0.0486323297105154,95230,0.019513996369327,4880087
20260629122627_本月,schedule,2026/06,2026/06/29 12:26:27,3143300,0.6441073693973078,344400,0.0705725123343087,1059827,0.2171737921885409,237330,0.0486323297105154,95230,0.019513996369327,4880087
20260629012001_本月,schedule,2026/06,2026/06/29 01:20:01,3145100,0.6439220299708023,346800,0.071003198624487,1059827,0.2169870443731091,237330,0.0485905107541796,95230,0.0194972162774218,4884287
20260628194603_本月,schedule,2026/06,2026/06/28 19:46:03,3145100,0.6439220299708023,346800,0.071003198624487,1059827,0.2169870443731091,237330,0.0485905107541796,95230,0.0194972162774218,4884287
20260628155220_本月,schedule,2026/06,2026/06/28 15:52:20,3145100,0.6439220299708023,346800,0.071003198624487,1059827,0.2169870443731091,237330,0.0485905107541796,95230,0.0194972162774218,4884287
20260628121936_本月,schedule,2026/06,2026/06/28 12:19:36,3145100,0.6439220299708023,346800,0.071003198624487,1059827,0.2169870443731091,237330,0.0485905107541796,95230,0.0194972162774218,4884287
20260628011752_本月,schedule,2026/06,2026/06/28 01:17:52,3145100,0.6439220299708023,346800,0.071003198624487,1059827,0.2169870443731091,237330,0.0485905107541796,95230,0.0194972162774218,4884287
20260627192552_本月,schedule,2026/06,2026/06/27 19:25:52,3145100,0.6439220299708023,346800,0.071003198624487,1059827,0.2169870443731091,237330,0.0485905107541796,95230,0.0194972162774218,4884287
20260627145315_本月,schedule,2026/06,2026/06/27 14:53:15,3145100,0.6439220299708023,346800,0.071003198624487,1059827,0.2169870443731091,237330,0.0485905107541796,95230,0.0194972162774218,4884287
20260627115725_本月,schedule,2026/06,2026/06/27 11:57:25,3136700,0.6436253959433974,346800,0.0711605468527976,1057427,0.2169754428400034,237330,0.0486981908436402,95230,0.0195404235201612,4873487
20260627015547_本月,schedule,2026/06,2026/06/27 01:55:47,3136700,0.6439953953107642,346800,0.0712014547434479,1054627,0.2165253074155658,237330,0.0487261858542747,95230,0.0195516566759473,4870687
20260626200923_本月,schedule,2026/06,2026/06/26 20:09:23,3136700,0.6445247043830844,346800,0.071259976242565,1054627,0.2167032726781073,237330,0.048766234606828,91230,0.0187458120894152,4866687
20260626155426_本月,schedule,2026/06,2026/06/26 15:54:26,3136700,0.6445247043830844,346800,0.071259976242565,1054627,0.2167032726781073,237330,0.048766234606828,91230,0.0187458120894152,4866687
20260626121130_本月,schedule,2026/06,2026/06/26 12:11:30,3130100,0.6433271736210578,346800,0.0712775514557946,1054627,0.2167567193171002,239730,0.0492715323255411,94230,0.0193670232805061,4865487
20260626021827_本月,schedule,2026/06,2026/06/26 02:18:27,3146900,0.644316941938176,346800,0.0710061061565856,1054627,0.2159312477439488,241530,0.0494524360438296,94230,0.0192932681174598,4884087
20260625201523_本月,schedule,2026/06,2026/06/25 20:15:23,3146900,0.644316941938176,346800,0.0710061061565856,1054627,0.2159312477439488,241530,0.0494524360438296,94230,0.0192932681174598,4884087
20260625154321_本月,schedule,2026/06,2026/06/25 15:43:21,3150300,0.6448810430602362,346800,0.0709915708768339,1052227,0.2153957544666041,241530,0.0494423129004662,94230,0.0192893186958594,4885087
20260625120409_本月,schedule,2026/06,2026/06/25 12:04:09,3125500,0.643996532659206,342600,0.0705913332551732,1049427,0.2162301549444737,241530,0.0497662718071278,94230,0.0194157073340191,4853287
20260625020121_本月,schedule,2026/06,2026/06/25 02:01:21,3114300,0.6431730780549791,342600,0.0707546146940358,1049427,0.2167303065806128,241530,0.049881383791741,94230,0.019460616878631,4842087
20260624201803_本月,schedule,2026/06,2026/06/24 20:18:03,3110100,0.6428632996182011,342600,0.0708160401431451,1049427,0.2169184604766502,241530,0.0499246881954869,94230,0.0194775115665165,4837887
20260624154213_本月,schedule,2026/06,2026/06/24 15:42:13,3110100,0.6428367245152888,342600,0.07081311270343,1049627,0.2169508320127356,241530,0.0499226243761222,94230,0.0194767063924232,4838087
20260624120350_本月,schedule,2026/06,2026/06/24 12:03:50,3105900,0.642526397493363,342600,0.0708746398085019,1049627,0.2171393332115541,241530,0.0499660004464316,94230,0.0194936290401492,4833887
20260624020423_本月,schedule,2026/06,2026/06/24 02:04:23,3099300,0.6432222168492966,342600,0.0711024849135511,1047027,0.2172977859649174,241530,0.0501266292503502,87940,0.0182508830218846,4818397
20260623203126_本月,schedule,2026/06,2026/06/23 20:31:26,3099300,0.6438903751342347,342600,0.0711763438586096,1047027,0.2175235078261776,241530,0.0501786991598656,82940,0.0172310740211123,4813397
20260623155109_本月,schedule,2026/06,2026/06/23 15:51:09,3090700,0.6432529823840633,342600,0.071303740824014,1047027,0.217912848347183,241530,0.0502685129049156,82940,0.017261915539824,4804797
20260623120133_本月,schedule,2026/06,2026/06/23 12:01:33,3085300,0.6445437314346106,342600,0.0715718673676782,1034427,0.2161000351592098,241530,0.0504575397703307,82940,0.0173268262681705,4786797
20260623033624_本月,schedule,2026/06,2026/06/23 03:36:24,3071700,0.642776832746819,342600,0.071691683074213,1040027,0.2176336429440296,241530,0.0505420087942634,82940,0.0173558324406749,4778797
20260622232254_本月,schedule,2026/06,2026/06/22 23:22:54,3071700,0.642776832746819,342600,0.071691683074213,1040027,0.2176336429440296,241530,0.0505420087942634,82940,0.0173558324406749,4778797
20260622174901_本月,schedule,2026/06,2026/06/22 17:49:01,3056100,0.6420921771318033,339000,0.0712245175379344,1040027,0.2185115672608416,241530,0.0507458929821159,82940,0.0174258450873046,4759597
20260622130133_本月,schedule,2026/06,2026/06/22 13:01:33,3051300,0.6421900758871548,339000,0.0713474373957806,1036627,0.2181730973016988,241530,0.0508334706613654,82940,0.0174559187540001,4751397
20260622014430_本月,schedule,2026/06,2026/06/22 01:44:30,3044900,0.6417074657792197,330600,0.0696733844088837,1042627,0.2197318565217217,243930,0.0514078301840865,82940,0.0174794631060883,4744997
20260621201005_本月,schedule,2026/06,2026/06/21 20:10:05,3044900,0.6417074657792197,330600,0.0696733844088837,1042627,0.2197318565217217,243930,0.0514078301840865,82940,0.0174794631060883,4744997
20260621163551_本月,schedule,2026/06,2026/06/21 16:35:51,3040700,0.6413900447540782,330600,0.069735109940375,1042627,0.2199265229032165,243930,0.0514533737681659,82940,0.0174949486341642,4740797
20260621125318_本月,schedule,2026/06,2026/06/21 12:53:18,3040700,0.6413900447540782,330600,0.069735109940375,1042627,0.2199265229032165,243930,0.0514533737681659,82940,0.0174949486341642,4740797
20260621014048_本月,schedule,2026/06,2026/06/21 01:40:48,3048700,0.6427521353213876,330600,0.0696998248227935,1037027,0.2186346044661438,243930,0.0514273389867635,82940,0.0174860964029113,4743197
20260620195445_本月,schedule,2026/06,2026/06/20 19:54:45,3046300,0.6425712807361293,330600,0.069735109940375,1037027,0.2187452869211653,243930,0.0514533737681659,82940,0.0174949486341642,4740797
20260620155129_本月,schedule,2026/06,2026/06/20 15:51:29,3042700,0.6422996552602731,330600,0.069788104653448,1037027,0.2189115208846075,243930,0.0514924754026484,82940,0.0175082437990229,4737197
20260620121128_本月,schedule,2026/06,2026/06/20 12:11:28,3046300,0.6428967433501245,330600,0.0697704308018091,1034627,0.2183495810925087,243930,0.051479434922823,82940,0.0175038098327345,4738397
20260620020311_本月,schedule,2026/06,2026/06/20 02:03:11,3037300,0.6427064048667347,327000,0.069194677638502,1034627,0.2189317484437016,243930,0.0516166902640972,82940,0.0175504787869644,4725797
20260619213344_本月,schedule,2026/06,2026/06/19 21:33:44,3037300,0.6427064048667347,327000,0.069194677638502,1034627,0.2189317484437016,243930,0.0516166902640972,82940,0.0175504787869644,4725797
20260619170640_本月,schedule,2026/06,2026/06/19 17:06:40,3029500,0.6421157113919318,327000,0.0693090733207333,1034627,0.2192936960324476,243930,0.0517020252450351,82940,0.017579494009852,4717997
20260619125724_本月,schedule,2026/06,2026/06/19 12:57:24,3022300,0.6415687196879849,327000,0.0694150055712441,1034627,0.2196288653491118,243930,0.0517810468164941,82940,0.017606362575165,4710797
20260619022928_本月,schedule,2026/06,2026/06/19 02:29:28,3016100,0.6410963574563348,327000,0.0695064848274995,1034627,0.219918305436151,243930,0.0518492869846237,82940,0.0176295652953908,4704597
20260618205056_本月,schedule,2026/06,2026/06/18 20:50:56,3010500,0.6415971025939448,327000,0.0696901685926656,1034627,0.2204994803074125,243930,0.051986308332749,76140,0.016226940173228,4692197
20260618164823_本月,schedule,2026/06,2026/06/18 16:48:23,3012500,0.6417498030014506,327000,0.0696604765415682,1034627,0.2204055347485416,243930,0.0519641591522469,76140,0.0162200265561926,4694197
20260618123948_本月,schedule,2026/06,2026/06/18 12:39:48,2998500,0.6423250775406436,323400,0.0692772819998813,1026227,0.2198336959644162,243930,0.0522535788442518,76140,0.0163103656508069,4668197
20260618022950_本月,schedule,2026/06,2026/06/18 02:29:50,2990300,0.6422524950294859,323400,0.0694594043716469,1022187,0.2195439090180601,243930,0.0523909477686327,76140,0.0163532438121743,4655957
20260617214036_本月,schedule,2026/06,2026/06/17 21:40:36,2990300,0.642665206952897,323400,0.0695040390357378,1022187,0.2196849880946931,243930,0.0524246142300171,73150,0.0157211516866549,4652967
20260617170327_本月,schedule,2026/06,2026/06/17 17:03:27,2972500,0.6426239204836942,323400,0.0699157530309257,1012587,0.218910892437619,243930,0.0527351565764802,73150,0.0158142774712808,4625567
20260617124601_本月,schedule,2026/06,2026/06/17 12:46:01,2943300,0.6415958959486793,323400,0.0704964199197509,1003687,0.2187889307977583,243930,0.0531731345424392,73150,0.0159456187913722,4587467
20260617034226_本月,schedule,2026/06,2026/06/17 03:42:26,2948300,0.6425176107750659,323400,0.0704779687700221,999888,0.2179037576917746,243930,0.0531592174461085,73150,0.0159414453170288,4588668
20260616230237_本月,schedule,2026/06,2026/06/16 23:02:37,2948300,0.6425176107750659,323400,0.0704779687700221,999888,0.2179037576917746,243930,0.0531592174461085,73150,0.0159414453170288,4588668
20260616172759_本月,schedule,2026/06,2026/06/16 17:27:59,2941100,0.6419558097972091,323400,0.0705887283289984,999888,0.2182462040551194,243930,0.0532427597442566,73150,0.0159664980744163,4581468
20260616130130_本月,schedule,2026/06,2026/06/16 13:01:30,2900500,0.6387545288698108,321000,0.0706913303800066,1002288,0.2207260814452215,243930,0.0537188044224143,73150,0.0161092548825466,4540868
20260616035204_本月,schedule,2026/06,2026/06/16 03:52:04,2881700,0.6363520731514499,316200,0.0698249385885027,1013488,0.2238037234667441,243930,0.0538658990192709,73150,0.0161533657740321,4528468
20260615234444_本月,schedule,2026/06,2026/06/15 23:44:44,2881700,0.6363520731514499,316200,0.0698249385885027,1013488,0.2238037234667441,243930,0.0538658990192709,73150,0.0161533657740321,4528468
20260615182441_本月,schedule-18,2026/06,2026/06/15 18:24:41,2861900,0.6347550984015679,316200,0.0701315776632921,1013488,0.224786566675568,243930,0.0541024533188072,73150,0.0162243039407647,4508668
20260615130045_本月,schedule,2026/06,2026/06/15 13:00:45,2821700,0.6326301468880345,316200,0.0708926010724019,1007688,0.2259254376642838,241530,0.0541514545762721,73150,0.0164003597990075,4460268
20260615012529_本月,schedule,2026/06,2026/06/15 01:25:29,2805500,0.6313762133540739,316200,0.0711606339912878,1007088,0.2266445938172616,241530,0.0543561920553945,73150,0.016462366781982,4443468
20260614195516_本月,schedule,2026/06,2026/06/14 19:55:16,2797100,0.6321889998978408,316200,0.0714662192155079,996488,0.2252221057989344,241530,0.054589613937766,73150,0.0165330611499506,4424468
20260614161707_本月,schedule,2026/06,2026/06/14 16:17:07,2791500,0.6320661669007904,316200,0.0715956732846247,994088,0.2250866529543517,241530,0.0546884976863865,73150,0.0165630091738466,4416468
20260614124531_本月,schedule,2026/06,2026/06/14 12:45:31,2778900,0.6315010130740639,316400,0.0719014432101312,990488,0.2250869680224921,241530,0.0548873438007048,73150,0.0166232318926077,4400468
20260614012816_本月,schedule,2026/06,2026/06/14 01:28:16,2778900,0.6318456194856469,316400,0.0719406794074125,988088,0.2246641025104659,241530,0.0549172955033892,73150,0.0166323030930854,4398068
20260613195305_本月,schedule,2026/06,2026/06/13 19:53:05,2776100,0.6323016134043113,316400,0.0720652103602622,983288,0.2239597236558836,241530,0.0550123585913847,73150,0.0166610939881579,4390468
20260613154903_本月,schedule,2026/06,2026/06/13 15:49:03,2772500,0.6333859384437964,316400,0.0722825287371026,983288,0.2246350920254368,241530,0.0551782527366384,63550,0.0145181880570255,4377268
20260613121815_本月,schedule,2026/06,2026/06/13 12:18:15,2772500,0.6333859384437964,316400,0.0722825287371026,983288,0.2246350920254368,241530,0.0551782527366384,63550,0.0145181880570255,4377268
20260613021225_本月,schedule,2026/06,2026/06/13 02:12:25,2764100,0.6332028182462107,312800,0.0716565397588418,983288,0.2252526076291306,241530,0.0553299362146837,63550,0.0145580981511329,4365268
20260612205313_本月,schedule,2026/06,2026/06/12 20:53:13,2756900,0.6325677998691224,312800,0.0717716303816103,983488,0.225660285232574,241530,0.0554188039836008,63550,0.0145814805330925,4358268
20260612162647_本月,schedule,2026/06,2026/06/12 16:26:47,2704900,0.628656452229175,312800,0.072699078804128,979888,0.2277396257391925,241530,0.0561349376712309,63550,0.0147699055562734,4302668
20260612123941_本月,schedule,2026/06,2026/06/12 12:39:41,2702100,0.6312922461864537,306800,0.0716777547574123,972688,0.2272493217714404,241530,0.0564287096041649,57150,0.0133519676805284,4280268
20260612025042_本月,schedule,2026/06,2026/06/12 02:50:42,2662300,0.6288994696296101,306800,0.0724735594344605,965488,0.2280715513404773,241530,0.0570552112457798,57150,0.0135002083496721,4233268
20260611215743_本月,schedule,2026/06,2026/06/11 21:57:43,2658700,0.6285836146004841,306800,0.0725352439009397,965488,0.2282656700242194,241530,0.0571037726838134,57150,0.0135116987905433,4229668
20260611164750_本月,schedule,2026/06,2026/06/11 16:47:50,2638300,0.6267835642681815,306800,0.0728867822148649,965488,0.229371947806602,241530,0.0573805231693491,57150,0.0135771825410023,4209268
20260611122655_本月,schedule,2026/06,2026/06/11 12:26:55,2635700,0.6275897572170321,303000,0.0721477013456617,961888,0.2290363305345739,241530,0.0575110043102894,57600,0.0137152065924426,4199718
20260611023510_本月,schedule,2026/06,2026/06/11 02:35:10,2601300,0.6257761158627618,295800,0.0711584880914177,960688,0.2311058336969841,241530,0.0581031427610551,57600,0.0138564195877811,4156918
20260610205516_本月,schedule,2026/06,2026/06/10 20:55:16,2601300,0.6257761158627618,295800,0.0711584880914177,960688,0.2311058336969841,241530,0.0581031427610551,57600,0.0138564195877811,4156918
20260610160918_本月,schedule,2026/06,2026/06/10 16:09:18,2588100,0.6262161504293092,285000,0.0689585421244747,960688,0.2324478733911488,241530,0.0584405497520154,57600,0.0139368843030517,4132918
20260610121356_本月,schedule,2026/06,2026/06/10 12:13:56,2553900,0.6270442960059593,285000,0.0699744016452086,934888,0.2295376435273187,241530,0.0593014639626921,57600,0.0141421948588211,4072918
20260610021317_本月,schedule,2026/06,2026/06/10 02:13:17,2555300,0.6269724002592981,285000,0.0699280452682268,936188,0.2297045503283183,241530,0.0592621781531046,57600,0.0141328259910521,4075618
20260609203512_本月,schedule,2026/06,2026/06/09 20:35:12,2555300,0.6278659143971549,285000,0.0700277014844398,930388,0.2286067829077369,241530,0.0593466341738131,57600,0.0141529670368552,4069818
20260609155119_本月,schedule,2026/06,2026/06/09 15:51:19,2514300,0.6257562808329878,277800,0.0691385653324599,930388,0.2315539651639191,237930,0.0592157625973801,57600,0.014335426073253,4018018
20260609120228_本月,schedule,2026/06,2026/06/09 12:02:28,2486900,0.6256796079621246,277800,0.0698917508110009,914488,0.2300761966006141,237930,0.0598608505056207,57600,0.0144915941206395,3974718
20260609022953_本月,schedule,2026/06,2026/06/09 02:29:53,2491900,0.627743022124547,268200,0.0675631761040986,913988,0.2302458322186165,237930,0.059937757235079,57600,0.0145102123176587,3969618
20260608220502_本月,schedule,2026/06,2026/06/08 22:05:02,2491900,0.627743022124547,268200,0.0675631761040986,913988,0.2302458322186165,237930,0.059937757235079,57600,0.0145102123176587,3969618
20260608165642_本月,schedule,2026/06,2026/06/08 16:56:42,2492100,0.6300710849429166,263400,0.0665947288527604,913988,0.231081180845394,237930,0.0601552157780458,47850,0.012097789580883,3955268
20260608124144_本月,schedule,2026/06,2026/06/08 12:41:44,2468600,0.6286274805396938,263400,0.0670746489403529,909188,0.2315241682641671,237930,0.0605887290143438,47850,0.0121849732414422,3926968
20260608012432_本月,schedule,2026/06,2026/06/08 01:24:32,2441300,0.6259827054104311,263400,0.067539362063289,911388,0.2336923466671863,240210,0.0615931289340268,43650,0.0111924569250666,3899948
20260607194639_本月,schedule,2026/06,2026/06/07 19:46:39,2438900,0.6257523961218694,263400,0.0675809508952808,911388,0.2338362478152931,240210,0.0616310562435664,43650,0.0111993489239901,3897548
20260607155622_本月,schedule,2026/06,2026/06/07 15:56:22,2417500,0.6242659871485131,259800,0.0670876126002828,911388,0.2353458239897865,240210,0.0620289277240721,43650,0.0112716485373454,3872548
20260607122552_本月,schedule,2026/06,2026/06/07 12:25:52,2417500,0.6257201929418245,259800,0.0672438908485154,902388,0.2335645888183607,240210,0.0621734219427324,43650,0.0112979054485669,3863548
20260607012030_本月,schedule,2026/06,2026/06/07 01:20:30,2412500,0.625624327696966,252600,0.065505784529017,907188,0.2352575679149244,240210,0.0622927335776531,43650,0.0113195862814394,3856148
20260606192400_本月,schedule,2026/06,2026/06/06 19:24:00,2412500,0.6262089401611609,252600,0.0655669961801903,903588,0.2345429570248054,240210,0.0623509428046062,43650,0.0113301638292371,3852548
20260606145357_本月,schedule,2026/06,2026/06/06 14:53:57,2393500,0.6249432107172213,249000,0.0650139375260447,903588,0.235926962977043,240210,0.0627188672013301,43650,0.0113970215783608,3829948
20260606115932_本月,schedule,2026/06,2026/06/06 11:59:32,2387900,0.6247861038402406,249000,0.0651500229725783,901188,0.2357928469984416,240210,0.0628501486676427,43650,0.0114208775210965,3821948
20260606020109_本月,schedule,2026/06,2026/06/06 02:01:09,2380900,0.6256063197037744,249000,0.0654273483162836,891988,0.2343791548993785,240210,0.0631176840925883,43650,0.011469492987975,3805748
20260605203502_本月,schedule,2026/06,2026/06/05 20:35:02,2376100,0.625923962922415,249000,0.0655928061814239,887188,0.2337074318493378,240210,0.0632773010957423,43650,0.0114984979510809,3796148
20260605160844_本月,schedule,2026/06,2026/06/05 16:08:44,2360200,0.6295464875349689,238200,0.0635361297054612,866788,0.2312021611886537,240210,0.0640722658125476,43650,0.0116429557583685,3749048
20260605121628_本月,schedule,2026/06,2026/06/05 12:16:28,2315700,0.6250965030011758,238200,0.0642993423219242,866788,0.2339794220509492,240210,0.0648419186362276,43650,0.0117828139897229,3704548
20260605022441_本月,schedule,2026/06,2026/06/05 02:24:41,2312900,0.6272699856369846,238200,0.0646010249378398,852288,0.2311447453493771,240210,0.0651461469366855,43650,0.0118380971391129,3687248
20260604204331_本月,schedule,2026/06,2026/06/04 20:43:31,2300100,0.6259715745058849,238200,0.0648260636699716,852288,0.2319499418688194,240210,0.0653730846102598,43650,0.011879335345064,3674448
20260604162219_本月,schedule,2026/06,2026/06/04 16:22:19,2300300,0.6274431290163056,231000,0.063008895710458,850989,0.2321206803105929,240210,0.0655210685654074,43650,0.0119062263972359,3666149
20260604124234_本月,schedule,2026/06,2026/06/04 12:42:34,2268200,0.6226103464433226,234600,0.0643966084452885,850989,0.2335925209899729,245610,0.067418802217593,43650,0.0119817219038228,3643049
20260604035347_本月,schedule,2026/06,2026/06/04 03:53:47,2250900,0.6217699879203867,227400,0.0628150940748571,852589,0.2355121294731239,245610,0.0678452737718806,43650,0.0120575147597516,3620149
20260603222704_本月,schedule,2026/06,2026/06/03 22:27:04,2231700,0.6197532928125336,227400,0.063150019619828,852589,0.2367678631383004,245610,0.068207019871706,43650,0.0121218045576318,3600949
20260603165626_本月,schedule,2026/06,2026/06/03 16:56:26,2204300,0.6184993107364892,227400,0.0638056268481956,845389,0.2372056951432245,245610,0.0689151275733743,41250,0.0115742396987162,3563949
20260603124811_本月,schedule,2026/06,2026/06/03 12:48:11,2181700,0.6189221613963578,209400,0.0594042721714247,845389,0.2398267347026197,245610,0.0696766155110965,42900,0.012170216218501,3524999
20260603034635_本月,schedule,2026/06,2026/06/03 03:46:35,2155500,0.6175511739488809,209400,0.0599931411852914,833389,0.2387661124129361,249210,0.0713987140152171,42900,0.0122908584376743,3490399
20260602220002_本月,schedule,2026/06,2026/06/02 22:00:02,2141700,0.6160330829065992,209400,0.0602312777516187,833389,0.2397138697905625,249210,0.0716821238227359,42900,0.0123396457284834,3476599
20260602163922_本月,schedule,2026/06,2026/06/02 16:39:22,2126100,0.6160110726114251,209400,0.0606710496236453,826189,0.2393780029489491,249210,0.0722055027541005,40500,0.0117343720618798,3451399
20260602123858_本月,schedule,2026/06,2026/06/02 12:38:58,2114200,0.6206426654697283,199800,0.0586531097156615,815389,0.2393648672569749,239730,0.0703749248855633,37350,0.0109644326720718,3406469
20260602042211_本月,schedule,2026/06,2026/06/02 04:22:11,2090800,0.6239556844636884,199800,0.0596261458560574,786789,0.2348007791388468,239730,0.0715424221525158,33760,0.0100749683888913,3350879
20260601235448_本月,schedule,2026/06,2026/06/01 23:54:48,2090800,0.6239556844636884,199800,0.0596261458560574,786789,0.2348007791388468,239730,0.0715424221525158,33760,0.0100749683888913,3350879
20260601172730_本月,schedule,2026/06,2026/06/01 17:27:30,2088400,0.6257792650839201,199800,0.0598691329073775,775589,0.2324016062187189,239730,0.0718339701295576,33760,0.0101160256604257,3337279
20260601124954_本月,schedule,2026/06,2026/06/01 12:49:54,2042400,0.624954292720586,199800,0.0611368329835355,752389,0.2302236267850318,239730,0.0733550198755905,33760,0.010330227635256,3268079
20260601011514_本月,schedule,2026/06,2026/06/01 01:15:14,2059200,0.6272925254037937,196200,0.0597682563540327,739389,0.2252395071220792,246930,0.0752220975611688,40960,0.0124776135589255,3282679
20260531194045_本月,schedule,2026/05,2026/05/31 19:40:45,3190350,0.6487999838936296,292800,0.0595447632028005,1089699,0.2216047435701112,281630,0.0572731955628576,62830,0.0127773137706009,4917309
20260531154727_本月,schedule,2026/05,2026/05/31 15:47:27,3190350,0.6487999838936296,292800,0.0595447632028005,1089699,0.2216047435701112,281630,0.0572731955628576,62830,0.0127773137706009,4917309
20260531122116_本月,schedule,2026/05,2026/05/31 12:21:16,3190350,0.6487999838936296,292800,0.0595447632028005,1089699,0.2216047435701112,281630,0.0572731955628576,62830,0.0127773137706009,4917309
20260531011552_本月,schedule,2026/05,2026/05/31 01:15:52,3190350,0.6487999838936296,292800,0.0595447632028005,1089699,0.2216047435701112,281630,0.0572731955628576,62830,0.0127773137706009,4917309
20260530191841_本月,schedule,2026/05,2026/05/30 19:18:41,3190350,0.6487999838936296,292800,0.0595447632028005,1089699,0.2216047435701112,281630,0.0572731955628576,62830,0.0127773137706009,4917309
20260530164409_本月,schedule,2026/05,2026/05/30 16:44:09,3190350,0.6487999838936296,292800,0.0595447632028005,1089699,0.2216047435701112,281630,0.0572731955628576,62830,0.0127773137706009,4917309
20260530144637_本月,schedule,2026/05,2026/05/30 14:46:37,3190350,0.6487999838936296,292800,0.0595447632028005,1089699,0.2216047435701112,281630,0.0572731955628576,62830,0.0127773137706009,4917309
20260530115614_本月,schedule,2026/05,2026/05/30 11:56:14,3190350,0.6487999838936296,292800,0.0595447632028005,1089699,0.2216047435701112,281630,0.0572731955628576,62830,0.0127773137706009,4917309
20260530024212_本月,schedule,2026/05,2026/05/30 02:42:12,3190350,0.6487999838936296,292800,0.0595447632028005,1089699,0.2216047435701112,281630,0.0572731955628576,62830,0.0127773137706009,4917309
20260529204652_本月,schedule,2026/05,2026/05/29 20:46:52,3190350,0.6487999838936296,292800,0.0595447632028005,1089699,0.2216047435701112,281630,0.0572731955628576,62830,0.0127773137706009,4917309
20260529155802_本月,schedule,2026/05,2026/05/29 15:58:02,3187550,0.6489696356196998,292800,0.059612652133911,1086899,0.2212873360372123,281630,0.0573384946054418,62830,0.012791881603735,4911709
20260529120956_本月,schedule,2026/05,2026/05/29 12:09:56,3187550,0.6489696356196998,292800,0.059612652133911,1086899,0.2212873360372123,281630,0.0573384946054418,62830,0.012791881603735,4911709
20260529024020_本月,schedule,2026/05,2026/05/29 02:40:20,3191150,0.6492267322359592,292800,0.0595689914916844,1086899,0.2211252639457661,281630,0.0572964995689996,62830,0.0127825127575906,4915309
20260528214554_本月,schedule,2026/05,2026/05/28 21:45:54,3187550,0.6495250441721044,292800,0.0596636705098248,1082699,0.2206208893350985,281630,0.0573875666860723,62830,0.0128028292968999,4907509
20260528155949_本月,schedule,2026/05,2026/05/28 15:59:49,3187550,0.6495250441721044,292800,0.0596636705098248,1082699,0.2206208893350985,281630,0.0573875666860723,62830,0.0128028292968999,4907509
20260528120756_本月,schedule,2026/05,2026/05/28 12:07:56,3181950,0.6491246573528803,292800,0.0597318310070627,1082699,0.2208729293016251,281630,0.0574531269348329,62830,0.0128174554035988,4901909
20260528023055_本月,schedule,2026/05,2026/05/28 02:30:55,3176350,0.6480351255093074,295200,0.060226350701386,1085499,0.2214622068428314,281630,0.0574578155421116,62830,0.0128185014043634,4901509
20260527205113_本月,schedule,2026/05,2026/05/27 20:51:13,3176350,0.6480351255093074,295200,0.060226350701386,1085499,0.2214622068428314,281630,0.0574578155421116,62830,0.0128185014043634,4901509
20260527160546_本月,schedule,2026/05,2026/05/27 16:05:46,3176350,0.6480351255093074,295200,0.060226350701386,1085499,0.2214622068428314,281630,0.0574578155421116,62830,0.0128185014043634,4901509
20260527121858_本月,schedule,2026/05,2026/05/27 12:18:58,3176350,0.6495192839552675,295200,0.0603642837293103,1074299,0.2196791654678671,281630,0.0575894079494772,62830,0.0128478588980778,4890309
20260527023234_本月,schedule,2026/05,2026/05/27 02:32:34,3172150,0.6492180178542886,295200,0.06041617164087,1074299,0.2198679972141431,281630,0.0576389106342081,62830,0.01285890265649,4886109
20260526154943_本月,schedule,2026/05,2026/05/26 15:49:43,3167350,0.6495650527910677,292800,0.0600478783390609,1071499,0.219744677569759,281630,0.0577571174065222,62830,0.0128852738935901,4876109
20260526120502_本月,schedule,2026/05,2026/05/26 12:05:02,3167350,0.6499382657656225,292800,0.0600823793443017,1068699,0.2192963754196583,281630,0.0577903022361192,62830,0.012892677234298,4873309
20260526014902_本月,schedule,2026/05,2026/05/26 01:49:02,3165750,0.6498232960958875,292800,0.0601021120103848,1068699,0.2193683982356089,281630,0.0578092821225569,62830,0.0128969115355617,4871709
20260525205941_本月,schedule,2026/05,2026/05/25 20:59:41,3161550,0.6495211411011258,292800,0.0601539719803291,1068699,0.2195576834064405,281630,0.0578591636913254,62830,0.0129080398207789,4867509
20260525162241_本月,schedule,2026/05,2026/05/25 16:22:41,3153750,0.6479586144749486,292800,0.0601576796887086,1068699,0.219571216276104,281630,0.0578627299546824,70330,0.0144497596055562,4867209
20260525121947_本月,schedule,2026/05,2026/05/25 12:19:47,3149550,0.6493744805550533,283200,0.0583901995184045,1068699,0.220344448570337,286430,0.0590561611866406,62250,0.0128347101695645,4850129
20260525011017_本月,schedule,2026/05,2026/05/25 01:10:17,3152350,0.6500858195358383,283200,0.0584022408972827,1063099,0.2192350420044507,288230,0.059439540585536,62250,0.0128373569768921,4849129
20260524191449_本月,schedule,2026/05,2026/05/24 19:14:49,3146750,0.6496812551344278,283200,0.058469764504352,1063099,0.2194885175664273,288230,0.0595082634996094,62250,0.0128521992951833,4843529
20260524152206_本月,schedule,2026/05,2026/05/24 15:22:06,3146750,0.6496812551344278,283200,0.058469764504352,1063099,0.2194885175664273,288230,0.0595082634996094,62250,0.0128521992951833,4843529
20260524120814_本月,schedule,2026/05,2026/05/24 12:08:14,3146750,0.6496812551344278,283200,0.058469764504352,1063099,0.2194885175664273,288230,0.0595082634996094,62250,0.0128521992951833,4843529
20260524010826_本月,schedule,2026/05,2026/05/24 01:08:26,3141150,0.6492757541501746,283200,0.0585374444312845,1063099,0.2197425799345133,288230,0.0595771455099899,62250,0.0128670759740376,4837929
20260523190837_本月,schedule,2026/05,2026/05/23 19:08:37,3141150,0.6492757541501746,283200,0.0585374444312845,1063099,0.2197425799345133,288230,0.0595771455099899,62250,0.0128670759740376,4837929
20260523143429_本月,schedule,2026/05,2026/05/23 14:34:29,3141150,0.6492757541501746,283200,0.0585374444312845,1063099,0.2197425799345133,288230,0.0595771455099899,62250,0.0128670759740376,4837929
20260523114747_本月,schedule,2026/05,2026/05/23 11:47:47,3141150,0.6492757541501746,283200,0.0585374444312845,1063099,0.2197425799345133,288230,0.0595771455099899,62250,0.0128670759740376,4837929
20260523015829_本月,schedule,2026/05,2026/05/23 01:58:29,3141150,0.6495980067537596,283200,0.0585664981018622,1063099,0.2198516439462983,285830,0.0591103889564099,62250,0.0128734622416699,4835529
20260522201622_本月,schedule,2026/05,2026/05/22 20:16:22,3141150,0.6495980067537596,283200,0.0585664981018622,1063099,0.2198516439462983,285830,0.0591103889564099,62250,0.0128734622416699,4835529
20260522154607_本月,schedule,2026/05,2026/05/22 15:46:07,3141150,0.6501627192021078,283200,0.0586174114824306,1058899,0.2191734406826775,285830,0.0591617751554489,62250,0.0128846534773351,4831329
20260522120917_本月,schedule,2026/05,2026/05/22 12:09:17,3135150,0.6500510374504788,280800,0.0582218813505237,1058899,0.219555170727166,285830,0.0592648160485049,62250,0.0129070944233265,4822929
20260522020520_本月,schedule,2026/05,2026/05/22 02:05:20,3130150,0.6504438910972213,280800,0.0583501252719836,1053299,0.2188751018477747,285830,0.0593953572168486,62250,0.0129355245661715,4812329
20260521204404_本月,schedule,2026/05,2026/05/21 20:44:04,3130150,0.6508699301897476,280800,0.0583883444554673,1053299,0.2190184644821912,285830,0.0594342610245948,59100,0.012288999847999,4809179
20260521155518_本月,schedule,2026/05,2026/05/21 15:55:18,3116350,0.6487288445201164,280800,0.0584539796689231,1061699,0.2210132897454275,285830,0.0595010719685481,59100,0.0123028140969848,4803779
20260521121441_本月,schedule,2026/05,2026/05/21 12:14:41,3112150,0.6484214552984752,280800,0.0585051313875654,1061699,0.2212066933370614,285830,0.0595531399733184,59100,0.0123135800035794,4799579
20260521083256_本月,schedule-08,2026/05,2026/05/21 08:32:56,3107950,0.6489254661199291,280800,0.0586297304932434,1059299,0.2211766911743672,282230,0.058928307824459,59100,0.012339804388001,4789379
20260521073734_本月,schedule,2026/05,2026/05/21 07:37:34,3111750,0.649203795643768,280800,0.0585832492381361,1059299,0.2210013437845738,282230,0.0588815898592562,59100,0.0123300214742658,4793179
20260521062707_本月,schedule,2026/05,2026/05/21 06:27:07,3114550,0.6494085983278909,280800,0.0585490470246012,1059299,0.2208723182482659,282230,0.058847213467782,59100,0.0123228229314598,4795979
20260521061910_本月,schedule,2026/05,2026/05/21 06:19:10,3114550,0.6494085983278909,280800,0.0585490470246012,1059299,0.2208723182482659,282230,0.058847213467782,59100,0.0123228229314598,4795979
