城市,收入類型,資料來源,服務,子項目,本月已付款,本月待付款,下月已付款,下月待付款
台北,現金收入,主表,儲值金,,0,0,0,0
台北,現金收入,主表,冷氣清潔,,0,0,0,0
台北,現金收入,主表,大掃除,,0,0,0,0
台北,現金收入,主表,居家清潔,,718500,51600,0,0
台北,現金收入,主表,搬入清潔,,22800,0,0,0
台北,現金收入,主表,搬出清潔,,19800,0,0,0
台北,現金收入,主表,收納,,0,0,0,0
台北,現金收入,主表,水洗,,0,0,0,0
台北,現金收入,主表,洗衣機清潔,,0,0,0,0
台北,現金收入,主表,裝修細清,,59400,23800,0,0
台北,現金收入,主表,辦公室清潔,,34200,0,0,0
台北,儲值金,儲值金表,冷氣清潔,,0,0,0,0
台北,儲值金,儲值金表,大掃除,,0,0,0,0
台北,儲值金,儲值金表,居家清潔,,1041400,0,0,0
台北,儲值金,儲值金表,收納,,0,0,0,0
台北,儲值金,儲值金表,水洗,,0,0,0,0
台北,儲值金,儲值金表,洗衣機清潔,,0,0,0,0
台北,儲值金,儲值金表,辦公室清潔,,71400,0,0,0
台中,現金收入,主表,儲值金,,0,0,0,0
台中,現金收入,主表,冷氣清潔,,0,0,0,0
台中,現金收入,主表,大掃除,,0,0,0,0
台中,現金收入,主表,居家清潔,,36000,0,0,0
台中,現金收入,主表,搬入清潔,,0,0,0,0
台中,現金收入,主表,搬出清潔,,0,0,0,0
台中,現金收入,主表,收納,,0,0,0,0
台中,現金收入,主表,水洗,,0,0,0,0
台中,現金收入,主表,洗衣機清潔,,0,0,0,0
台中,現金收入,主表,裝修細清,,0,0,0,0
台中,現金收入,主表,辦公室清潔,,9000,0,0,0
台中,儲值金,儲值金表,冷氣清潔,,0,0,0,0
台中,儲值金,儲值金表,大掃除,,0,0,0,0
台中,儲值金,儲值金表,居家清潔,,103200,0,0,0
台中,儲值金,儲值金表,收納,,0,0,0,0
台中,儲值金,儲值金表,水洗,,0,0,0,0
台中,儲值金,儲值金表,洗衣機清潔,,0,0,0,0
台中,儲值金,儲值金表,辦公室清潔,,12000,0,0,0
桃園,現金收入,主表,儲值金,,0,0,0,0
桃園,現金收入,主表,冷氣清潔,,7500,0,0,0
桃園,現金收入,主表,大掃除,,0,0,0,0
桃園,現金收入,主表,居家清潔,,229678,8600,0,0
桃園,現金收入,主表,搬入清潔,,2400,0,0,0
桃園,現金收入,主表,搬出清潔,,10800,0,0,0
桃園,現金收入,主表,收納,,0,0,0,0
桃園,現金收入,主表,水洗,,0,0,0,0
桃園,現金收入,主表,洗衣機清潔,,0,0,0,0
桃園,現金收入,主表,裝修細清,,0,0,0,0
桃園,現金收入,主表,辦公室清潔,,40620,2400,0,0
桃園,儲值金,儲值金表,冷氣清潔,,0,0,0,0
桃園,儲值金,儲值金表,大掃除,,0,0,0,0
桃園,儲值金,儲值金表,居家清潔,,373600,0,0,0
桃園,儲值金,儲值金表,收納,,0,0,0,0
桃園,儲值金,儲值金表,水洗,,0,0,0,0
桃園,儲值金,儲值金表,洗衣機清潔,,0,0,0,0
桃園,儲值金,儲值金表,辦公室清潔,,22800,0,0,0
新竹,現金收入,主表,儲值金,,0,0,0,0
新竹,現金收入,主表,冷氣清潔,,0,0,0,0
新竹,現金收入,主表,大掃除,,0,0,0,0
新竹,現金收入,主表,居家清潔,,17150,0,0,0
新竹,現金收入,主表,搬入清潔,,2400,0,0,0
新竹,現金收入,主表,搬出清潔,,0,0,0,0
新竹,現金收入,主表,收納,,0,0,0,0
新竹,現金收入,主表,水洗,,0,0,0,0
新竹,現金收入,主表,洗衣機清潔,,0,0,0,0
新竹,現金收入,主表,裝修細清,,0,0,0,0
新竹,現金收入,主表,辦公室清潔,,21090,0,0,0
新竹,儲值金,儲值金表,冷氣清潔,,0,0,0,0
新竹,儲值金,儲值金表,大掃除,,0,0,0,0
新竹,儲值金,儲值金表,居家清潔,,49750,0,0,0
新竹,儲值金,儲值金表,收納,,0,0,0,0
新竹,儲值金,儲值金表,水洗,,0,0,0,0
新竹,儲值金,儲值金表,洗衣機清潔,,0,0,0,0
新竹,儲值金,儲值金表,辦公室清潔,,13800,0,0,0
高雄,現金收入,主表,儲值金,,0,0,0,0
高雄,現金收入,主表,冷氣清潔,,0,0,0,0
高雄,現金收入,主表,大掃除,,0,0,0,0
高雄,現金收入,主表,居家清潔,,15200,0,0,0
高雄,現金收入,主表,搬入清潔,,0,0,0,0
高雄,現金收入,主表,搬出清潔,,0,0,0,0
高雄,現金收入,主表,收納,,0,0,0,0
高雄,現金收入,主表,水洗,,0,0,0,0
高雄,現金收入,主表,洗衣機清潔,,0,0,0,0
高雄,現金收入,主表,裝修細清,,0,0,0,0
高雄,現金收入,主表,辦公室清潔,,0,0,0,0
高雄,儲值金,儲值金表,冷氣清潔,,0,0,0,0
高雄,儲值金,儲值金表,大掃除,,0,0,0,0
高雄,儲值金,儲值金表,居家清潔,,62225,0,14650,0
高雄,儲值金,儲值金表,收納,,0,0,0,0
高雄,儲值金,儲值金表,水洗,,0,0,0,0
高雄,儲值金,儲值金表,洗衣機清潔,,0,0,0,0
高雄,儲值金,儲值金表,辦公室清潔,,0,0,0,0
