id,來源,統計月份,日期,台北業績,台北佔比,台中業績,台中佔比,桃園業績,桃園佔比,新竹業績,新竹佔比,高雄業績,高雄佔比,全區合計
20260630155451_次月,schedule,2026/07,2026/06/30 15:54:51,2219300,0.6796935391596338,161400,0.049431143703133826,656118,0.20094586830367261,133530,0.04089554286666332,94800,0.029033905966896447,3265148
20260630120613_次月,schedule,2026/07,2026/06/30 12:06:13,2200100,0.6834693064779384,154200,0.0479028076264252,636388,0.1976963160814882,133530,0.0414815946975133,94800,0.0294499751166349,3219018
20260630021255_次月,schedule,2026/07,2026/06/30 02:12:55,2164100,0.6839934903516809,154200,0.04873702518933,617289,0.1951026559150218,133530,0.0422039881551961,94800,0.029962840388771,3163919
20260629220226_次月,schedule,2026/07,2026/06/29 22:02:26,2160500,0.6870248184336979,154200,0.049034587828038,614889,0.1955306658559954,133530,0.0424616635063419,81600,0.0259482643759267,3144719
20260629165957_次月,schedule,2026/07,2026/06/29 16:59:57,2159700,0.6876888819968928,150600,0.0479538573082984,615089,0.1958558442091896,133530,0.0425184499759434,81600,0.0259829665096756,3140519
20260629122627_次月,schedule,2026/07,2026/06/29 12:26:27,2087200,0.6896143848961498,148200,0.0489655288624038,587289,0.1940412717953597,129930,0.0429290901828079,74000,0.0244497242632785,3026619
20260629012001_次月,schedule,2026/07,2026/06/29 01:20:01,2045800,0.6889099241350489,148200,0.0499053919038098,571689,0.1925125748454599,129930,0.0437530875172875,74000,0.0249190215983935,2969619
20260628194603_次月,schedule,2026/07,2026/06/28 19:46:03,2043400,0.6933315780062492,148200,0.0502846921114447,571689,0.193975744591766,129930,0.0440856278410257,54000,0.0183223574495142,2947219
20260628155220_次月,schedule,2026/07,2026/06/28 15:52:20,2041000,0.6946030263727939,148200,0.050436143316241,571689,0.1945599752788026,129930,0.0442184082394008,47550,0.0161824467927615,2938369
20260628121936_次月,schedule,2026/07,2026/06/28 12:19:36,2032600,0.6933488517582223,148200,0.0505531338337934,573289,0.195557054942251,129930,0.0443209762417326,47550,0.0162199832240005,2931569
20260628011752_次月,schedule,2026/07,2026/06/28 01:17:52,2031700,0.6946294004962273,148200,0.0506689359420883,567489,0.1940220228666651,129930,0.0444225023411304,47550,0.0162571383538886,2924869
20260627192552_次月,schedule,2026/07,2026/06/27 19:25:52,1990100,0.6907985055898064,148200,0.0514428111795433,565089,0.1961522721095613,129930,0.0451009747406077,47550,0.016505436380481,2880869
20260627145315_次月,schedule,2026/07,2026/06/27 14:53:15,1990100,0.6907985055898064,148200,0.0514428111795433,565089,0.1961522721095613,129930,0.0451009747406077,47550,0.016505436380481,2880869
20260627115725_次月,schedule,2026/07,2026/06/27 11:57:25,1986500,0.6904116368681552,148200,0.0515071757280949,565089,0.1963976951755293,129930,0.0451574044693075,47550,0.016526087758913,2877269
20260627015547_次月,schedule,2026/07,2026/06/27 01:55:47,1986500,0.6904116368681552,148200,0.0515071757280949,565089,0.1963976951755293,129930,0.0451574044693075,47550,0.016526087758913,2877269
20260626200923_次月,schedule,2026/07,2026/06/26 20:09:23,1979300,0.6932460608472011,148200,0.0519067681592255,557689,0.195329511659584,129930,0.0455077354043736,40000,0.0140099239296155,2855119
20260626155426_次月,schedule,2026/07,2026/06/26 15:54:26,1958900,0.6919172242494929,148200,0.0523467929112128,554089,0.1957137796044603,129930,0.0458935141899722,40000,0.0141286890448617,2831119
20260626121130_次月,schedule,2026/07,2026/06/26 12:11:30,1946000,0.6998315872906844,148200,0.0532965268430007,526089,0.1891951181532214,127530,0.0458630638885822,32850,0.0118137038245112,2780669
20260626021827_次月,schedule,2026/07,2026/06/26 02:18:27,1903200,0.6918541013766922,156800,0.0570001697645362,530489,0.1928441521570092,127530,0.0463598957274955,32850,0.0119416809742666,2750869
20260625201523_次月,schedule,2026/07,2026/06/25 20:15:23,1892000,0.6905943747219099,156800,0.057233191308877,530489,0.1936325154608093,127530,0.0465494189261549,32850,0.0119904995822488,2739669
20260625154321_次月,schedule,2026/07,2026/06/25 15:43:21,1883400,0.6871543295210387,156800,0.0572081336247737,540289,0.1971232481377256,127530,0.0465290387829553,32850,0.0119852499335064,2740869
20260625120409_次月,schedule,2026/07,2026/06/25 12:04:09,1853800,0.6856608556742708,156800,0.0579952649529213,545089,0.2016108480734882,115130,0.042582875344578,32850,0.0121501559547415,2703669
20260625020121_次月,schedule,2026/07,2026/06/25 02:01:21,1819000,0.6851046055676896,156800,0.0590568456036359,518089,0.1951320285838146,128330,0.0483339604356798,32850,0.0123725598091801,2655069
20260624201803_次月,schedule,2026/07,2026/06/24 20:18:03,1810600,0.6850369778465867,156800,0.0593249741115347,518089,0.1960179624519829,124730,0.0471913521743094,32850,0.0124287334155862,2643069
20260624154213_次月,schedule,2026/07,2026/06/24 15:42:13,1802200,0.6877919786098298,147200,0.0561774382706508,513289,0.1958917195142941,124730,0.0476019828498524,32850,0.0125368807553728,2620269
20260624120350_次月,schedule,2026/07,2026/06/24 12:03:50,1812200,0.6940984017198871,147200,0.056379695802432,493889,0.1891665188870065,124730,0.0477733658793298,32850,0.0125820177113443,2610869
20260624020423_次月,schedule,2026/07,2026/06/24 02:04:23,1805400,0.7020343597873598,147200,0.0572390925892873,474689,0.1845840191719852,111530,0.0433687228021957,32850,0.0127738056491718,2571669
20260623203126_次月,schedule,2026/07,2026/06/23 20:31:26,1800600,0.702572000363655,147200,0.0574356317080584,470689,0.1836570655776787,111530,0.0435176358994548,32850,0.0128176664511529,2562869
20260623155109_次月,schedule,2026/07,2026/06/23 15:51:09,1770000,0.7023059840040885,147200,0.0584064637544643,458689,0.1820000166648877,111530,0.0442532126530937,32850,0.0130343229234657,2520269
20260623120133_次月,schedule,2026/07,2026/06/23 12:01:33,1748800,0.7016899058648967,147200,0.0590626453244011,456289,0.1830817620409353,107130,0.0429849265869775,32850,0.0131807601827892,2492269
20260623033624_次月,schedule,2026/07,2026/06/23 03:36:24,1738800,0.701675377077878,147200,0.0594010901229949,455689,0.1838887456321837,103530,0.0417784976931635,32850,0.0132562894737797,2478069
20260622232254_次月,schedule,2026/07,2026/06/22 23:22:54,1726800,0.7002237163680335,147200,0.0596901384348937,455689,0.1847835563400699,103530,0.04198179369677,32850,0.0133207951602327,2466069
20260622174901_次月,schedule,2026/07,2026/06/22 17:49:01,1718400,0.7000964343726815,147200,0.0599710167246617,455689,0.1856530750016602,103530,0.0421793434884798,29700,0.0121001304125166,2454519
20260622130133_次月,schedule,2026/07,2026/06/22 13:01:33,1696400,0.7029323516700444,143600,0.0595031158334227,441289,0.1828556440321399,102330,0.0424021855378422,29700,0.0123067029265505,2413319
20260622014430_次月,schedule,2026/07,2026/06/22 01:44:30,1648600,0.7020340933237775,143600,0.0611501248339769,424089,0.1805925855899475,102330,0.0435758514920673,29700,0.0126473447602306,2348319
20260621201005_次月,schedule,2026/07,2026/06/21 20:10:05,1645000,0.7015766068343371,143600,0.0612440126087603,424089,0.1808698611646001,102330,0.0436427563388192,29700,0.0126667630534831,2344719
20260621163551_次月,schedule,2026/07,2026/06/21 16:35:51,1641400,0.7011177133669839,143600,0.0613381891309241,424089,0.1811479894870786,102330,0.0437098669482414,29700,0.0126862410667719,2341119
20260621125318_次月,schedule,2026/07,2026/06/21 12:53:18,1639600,0.7008877369867043,143600,0.0613853860888574,424089,0.1812873746590353,102330,0.0437434997108132,29700,0.0126960025545896,2339319
20260621014048_次月,schedule,2026/07,2026/06/21 01:40:48,1622000,0.7003094400589952,143600,0.0620002685526952,418489,0.1806854483729031,102330,0.0441816676949673,29700,0.012823175320439,2316119
20260620195445_次月,schedule,2026/07,2026/06/20 19:54:45,1608800,0.6993812597296288,143600,0.0624261243766625,415889,0.1807962286969763,102330,0.044485134453091,29700,0.0129112527436412,2300319
20260620155129_次月,schedule,2026/07,2026/06/20 15:51:29,1599800,0.6982004688129414,143600,0.0626713259917104,415889,0.1815063725304071,102330,0.0446598662167947,29700,0.0129619664481462,2291319
20260620121128_次月,schedule,2026/07,2026/06/20 12:11:28,1592000,0.697841906370832,143600,0.0629460413032986,413689,0.1813376384451275,102330,0.0448556295721904,29700,0.0130187843085513,2281319
20260620020311_次月,schedule,2026/07,2026/06/20 02:03:11,1568200,0.6972507901982954,143600,0.0638472219566861,405289,0.180199002364926,102330,0.0454978149221984,29700,0.013205170557894,2249119
20260619213344_次月,schedule,2026/07,2026/06/19 21:33:44,1568200,0.6972507901982954,143600,0.0638472219566861,405289,0.180199002364926,102330,0.0454978149221984,29700,0.013205170557894,2249119
20260619170640_次月,schedule,2026/07,2026/06/19 17:06:40,1563400,0.6966032903522182,143600,0.0639837741426241,405289,0.1805843999894845,102330,0.0455951226184869,29700,0.0132334128971861,2244319
20260619125724_次月,schedule,2026/07,2026/06/19 12:57:24,1563400,0.6977224721172088,143600,0.0640865722118659,401689,0.179267904632397,102330,0.0456683769807816,29700,0.0132546740577466,2240719
20260619022928_次月,schedule,2026/07,2026/06/19 02:29:28,1558600,0.6972606594405542,143600,0.0642413901550516,401089,0.1794325552639243,102330,0.0457787009370922,29700,0.0132866942033776,2235319
20260618205056_次月,schedule,2026/07,2026/06/18 20:50:56,1551400,0.6962823798908406,143600,0.0644489814053917,401089,0.1800123781539495,102330,0.0459266313872822,29700,0.0133296291625357,2228119
20260618164823_次月,schedule,2026/07,2026/06/18 16:48:23,1541800,0.6991278812725052,143600,0.0651152962451237,391489,0.1775203496636994,98730,0.0447690334142135,29700,0.013467439404458,2205319
20260618123948_次月,schedule,2026/07,2026/06/18 12:39:48,1525000,0.6968182592885874,143600,0.0656151488746499,391489,0.1788830711545113,98730,0.0451126995013522,29700,0.013570821180899,2188519
20260618022950_次月,schedule,2026/07,2026/06/18 02:29:50,1520400,0.6989962388264734,143600,0.0660193764111296,383889,0.1764910333641515,97530,0.0448389260541607,29700,0.0136544253440846,2175119
20260617214036_次月,schedule,2026/07,2026/06/17 21:40:36,1519200,0.6998441566099387,143600,0.0661516725178957,383889,0.1768447034207693,97530,0.0449287786954761,26550,0.0122306887559201,2170769
20260617170327_次月,schedule,2026/07,2026/06/17 17:03:27,1503900,0.6977135834475003,143600,0.0666212318525573,383889,0.1780999865922451,97530,0.0452476931934534,26550,0.0123175049142437,2155469
20260617124601_次月,schedule,2026/07,2026/06/17 12:46:01,1474200,0.69643877059802,143600,0.0678392398981655,380289,0.1796554087857484,92130,0.0435238800265876,26550,0.0125427006914783,2116769
20260617034226_次月,schedule,2026/07,2026/06/17 03:42:26,1461600,0.6994743892161494,143600,0.0687223058917891,364489,0.1744326222297517,93330,0.0446647131537652,26550,0.0127059695085445,2089569
20260616230237_次月,schedule,2026/07,2026/06/16 23:02:37,1452000,0.6992639909384634,143600,0.0691558602608563,360989,0.1738475267389014,93330,0.0449464933018504,26550,0.0127861287599285,2076469
20260616172759_次月,schedule,2026/07,2026/06/16 17:27:59,1446400,0.7059159997052176,129200,0.0630561028497747,360989,0.1761808011736634,93330,0.045549737453324,19050,0.0092973588180201,2048969
20260616130130_次月,schedule,2026/07,2026/06/16 13:01:30,1434400,0.7038376423597992,129200,0.0633964189855591,360790,0.1770340093328165,94530,0.0463843923119574,19050,0.0093475370098676,2037970
20260616035204_次月,schedule,2026/07,2026/06/16 03:52:04,1399900,0.7123919249695939,129200,0.0657482939539049,339190,0.1726096271379645,77730,0.0395558427944042,19050,0.0096943111441322,1965070
20260615234444_次月,schedule,2026/07,2026/06/15 23:44:44,1395100,0.7137996490097059,129200,0.0661048775371328,333390,0.1705782130193863,77730,0.0397703725306604,19050,0.0097468879031143,1954470
20260615182441_次月,schedule-18,2026/07,2026/06/15 18:24:41,1389500,0.7182845947468816,129200,0.0667883192812501,326190,0.1686198286869271,70530,0.0364595987531468,19050,0.0098476585317942,1934470
20260615130045_次月,schedule,2026/07,2026/06/15 13:00:45,1278800,0.7095889954887719,129200,0.0716913498726535,314190,0.1743398236570356,60930,0.0338092410815849,19050,0.0105705898999539,1802170
20260615012529_次月,schedule,2026/07,2026/06/15 01:25:29,1176000,0.700429429948123,117000,0.0696855810407571,311990,0.1858222600761181,54930,0.0327164868937503,19050,0.0113462420412514,1678970
20260614195516_次月,schedule,2026/07,2026/06/14 19:55:16,1134000,0.692743300121566,117000,0.0714735150919076,311990,0.1905899313976432,54930,0.033555899008534,19050,0.011637354380349,1636970
20260614161707_次月,schedule,2026/07,2026/06/14 16:17:07,1134000,0.692743300121566,117000,0.0714735150919076,311990,0.1905899313976432,54930,0.033555899008534,19050,0.011637354380349,1636970
20260614124531_次月,schedule,2026/07,2026/06/14 12:45:31,1134000,0.692743300121566,117000,0.0714735150919076,311990,0.1905899313976432,54930,0.033555899008534,19050,0.011637354380349,1636970
20260614012816_次月,schedule,2026/07,2026/06/14 01:28:16,1134000,0.692743300121566,117000,0.0714735150919076,311990,0.1905899313976432,54930,0.033555899008534,19050,0.011637354380349,1636970
20260613195305_次月,schedule,2026/07,2026/06/13 19:53:05,1134000,0.6940151899973683,117000,0.0716047418251253,311990,0.1909398581369303,54930,0.0336175082773857,16050,0.0098227017631902,1633970
20260613154903_次月,schedule,2026/07,2026/06/13 15:49:03,1134000,0.6940151899973683,117000,0.0716047418251253,311990,0.1909398581369303,54930,0.0336175082773857,16050,0.0098227017631902,1633970
20260613121815_次月,schedule,2026/07,2026/06/13 12:18:15,1134000,0.6940151899973683,117000,0.0716047418251253,311990,0.1909398581369303,54930,0.0336175082773857,16050,0.0098227017631902,1633970
20260613021225_次月,schedule,2026/07,2026/06/13 02:12:25,1123200,0.6919792751221375,117000,0.0720811744918893,311990,0.1922103045275602,54930,0.0338411873063203,16050,0.0098880585520925,1623170
20260612205313_次月,schedule,2026/07,2026/06/12 20:53:13,1123200,0.6919792751221375,117000,0.0720811744918893,311990,0.1922103045275602,54930,0.0338411873063203,16050,0.0098880585520925,1623170
20260612162647_次月,schedule,2026/07,2026/06/12 16:26:47,1104000,0.6906172391574971,111600,0.0698123948278774,311990,0.1951681815622712,54930,0.0343619610026461,16050,0.0100402234497081,1598570
20260612123941_次月,schedule,2026/07,2026/06/12 12:39:41,1104000,0.6906172391574971,111600,0.0698123948278774,311990,0.1951681815622712,54930,0.0343619610026461,16050,0.0100402234497081,1598570
20260612025042_次月,schedule,2026/07,2026/06/12 02:50:42,1104000,0.6939599087291859,111600,0.0701502951215372,315090,0.1980614380810499,44130,0.0277395387429519,16050,0.0100888193252748,1590870
20260611215743_次月,schedule,2026/07,2026/06/11 21:57:43,1104000,0.6939599087291859,111600,0.0701502951215372,315090,0.1980614380810499,44130,0.0277395387429519,16050,0.0100888193252748,1590870
20260611164750_次月,schedule,2026/07,2026/06/11 16:47:50,1122000,0.697383878125641,111600,0.0693654552574166,315090,0.1958455313356579,44130,0.0274291894310913,16050,0.0099759458501929,1608870
20260611122655_次月,schedule,2026/07,2026/06/11 12:26:55,1117200,0.702787370963785,106800,0.0671837551189869,305490,0.1921719602181585,44130,0.027760478589896,16050,0.0100964351091736,1589670
20260611023510_次月,schedule,2026/07,2026/06/11 02:35:10,1112400,0.707782168012369,102000,0.0648991200442841,297090,0.1890282311172192,44130,0.0280784134073946,16050,0.0102120674187329,1571670
20260610205516_次月,schedule,2026/07,2026/06/10 20:55:16,1112400,0.707782168012369,102000,0.0648991200442841,297090,0.1890282311172192,44130,0.0280784134073946,16050,0.0102120674187329,1571670
20260610160918_次月,schedule,2026/07,2026/06/10 16:09:18,1112400,0.7099504106913783,102000,0.0650979340979149,292290,0.1865438740929368,44130,0.0281644297229508,16050,0.0102433513948189,1566870
20260610121356_次月,schedule,2026/07,2026/06/10 12:13:56,1105200,0.7230760171936642,102000,0.0667334000667334,264690,0.1731731731731731,40530,0.0265167127912225,16050,0.0105006967752065,1528470
20260610021317_次月,schedule,2026/07,2026/06/10 02:13:17,1105200,0.7426071882118164,102000,0.0685359511378983,246690,0.1657562135902759,18330,0.012316313572134,16050,0.0107843334878751,1488270
20260609203512_次月,schedule,2026/07,2026/06/09 20:35:12,1105200,0.7426071882118164,102000,0.0685359511378983,246690,0.1657562135902759,18330,0.012316313572134,16050,0.0107843334878751,1488270
20260609155119_次月,schedule,2026/07,2026/06/09 15:51:19,1105200,0.7578843424057273,99600,0.0683001090333065,219090,0.1502396675512765,18330,0.0125696887407681,16050,0.0110061922689213,1458270
20260609120228_次月,schedule,2026/07,2026/06/09 12:02:28,1110600,0.7779108617537667,99600,0.0697640210973124,183090,0.1282439219147282,18330,0.0128391014730294,16050,0.0112420937611632,1427670
20260609022953_次月,schedule,2026/07,2026/06/09 02:29:53,1063800,0.7910058221240714,99600,0.074059202748221,147090,0.1093711659863035,18330,0.0136295701443262,16050,0.0119342389970777,1344870
20260608220502_次月,schedule,2026/07,2026/06/08 22:05:02,1063800,0.7910058221240714,99600,0.074059202748221,147090,0.1093711659863035,18330,0.0136295701443262,16050,0.0119342389970777,1344870
20260608165642_次月,schedule,2026/07,2026/06/08 16:56:42,1063800,0.7901773776628933,99600,0.0739816382921829,148500,0.1103039486585257,18330,0.0136152954808806,16050,0.0119217399055174,1346280
20260608124144_次月,schedule,2026/07,2026/06/08 12:41:44,1041000,0.8567266622225514,99600,0.0819692368466533,52800,0.0434535713403945,5640,0.0046416314840875,16050,0.0132088981063131,1215090
20260608012432_次月,schedule,2026/07,2026/06/08 01:24:32,1041000,0.9080204108334424,96000,0.0837367525840638,0,0.0,0,0.0,9450,0.0082428365824937,1146450
20260607194639_次月,schedule,2026/07,2026/06/07 19:46:39,1041000,0.9080204108334424,96000,0.0837367525840638,0,0.0,0,0.0,9450,0.0082428365824937,1146450
20260607155622_次月,schedule,2026/07,2026/06/07 15:56:22,1041000,0.9080204108334424,96000,0.0837367525840638,0,0.0,0,0.0,9450,0.0082428365824937,1146450
20260607122552_次月,schedule,2026/07,2026/06/07 12:25:52,1041000,0.9080204108334424,96000,0.0837367525840638,0,0.0,0,0.0,9450,0.0082428365824937,1146450
20260607012030_次月,schedule,2026/07,2026/06/07 01:20:30,1041000,0.9354360425933416,62400,0.0560722469335489,0,0.0,0,0.0,9450,0.0084917104731095,1112850
20260606192400_次月,schedule,2026/07,2026/06/06 19:24:00,1041000,0.9354360425933416,62400,0.0560722469335489,0,0.0,0,0.0,9450,0.0084917104731095,1112850
20260606145357_次月,schedule,2026/07,2026/06/06 14:53:57,1041000,0.9354360425933416,62400,0.0560722469335489,0,0.0,0,0.0,9450,0.0084917104731095,1112850
20260606115932_次月,schedule,2026/07,2026/06/06 11:59:32,1041000,0.9354360425933416,62400,0.0560722469335489,0,0.0,0,0.0,9450,0.0084917104731095,1112850
20260606020109_次月,schedule,2026/07,2026/06/06 02:01:09,1041000,0.9354360425933416,62400,0.0560722469335489,0,0.0,0,0.0,9450,0.0084917104731095,1112850
20260605203502_次月,schedule,2026/07,2026/06/05 20:35:02,1041000,0.9354360425933416,62400,0.0560722469335489,0,0.0,0,0.0,9450,0.0084917104731095,1112850
20260605160844_次月,schedule,2026/07,2026/06/05 16:08:44,1041000,0.9354360425933416,62400,0.0560722469335489,0,0.0,0,0.0,9450,0.0084917104731095,1112850
20260605121628_次月,schedule,2026/07,2026/06/05 12:16:28,1041000,0.991003855490504,0,0.0,0,0.0,0,0.0,9450,0.0089961445094959,1050450
20260605022441_次月,schedule,2026/07,2026/06/05 02:24:41,1031400,0.9909208819714656,0,0.0,0,0.0,0,0.0,9450,0.0090791180285343,1040850
20260604204331_次月,schedule,2026/07,2026/06/04 20:43:31,1031400,0.9909208819714656,0,0.0,0,0.0,0,0.0,9450,0.0090791180285343,1040850
20260604162219_次月,schedule,2026/07,2026/06/04 16:22:19,1031400,0.9909208819714656,0,0.0,0,0.0,0,0.0,9450,0.0090791180285343,1040850
20260604124234_次月,schedule,2026/07,2026/06/04 12:42:34,0,0.0,0,0.0,0,0.0,0,0.0,9450,1.0,9450
20260604035347_次月,schedule,2026/07,2026/06/04 03:53:47,0,0.0,0,0.0,0,0.0,0,0.0,9450,1.0,9450
20260603222704_次月,schedule,2026/07,2026/06/03 22:27:04,0,0.0,0,0.0,0,0.0,0,0.0,9450,1.0,9450
20260603165626_次月,schedule,2026/07,2026/06/03 16:56:26,0,0.0,0,0.0,0,0.0,0,0.0,9450,1.0,9450
20260603124811_次月,schedule,2026/07,2026/06/03 12:48:11,0,0.0,0,0.0,0,0.0,0,0.0,9450,1.0,9450
20260603034635_次月,schedule,2026/07,2026/06/03 03:46:35,0,0.0,0,0.0,0,0.0,0,0.0,9450,1.0,9450
20260602220002_次月,schedule,2026/07,2026/06/02 22:00:02,0,0.0,0,0.0,0,0.0,0,0.0,9450,1.0,9450
20260602163922_次月,schedule,2026/07,2026/06/02 16:39:22,0,0.0,0,0.0,0,0.0,0,0.0,9450,1.0,9450
20260602123858_次月,schedule,2026/07,2026/06/02 12:38:58,0,0.0,0,0.0,0,0.0,0,0.0,9450,1.0,9450
20260602042211_次月,schedule,2026/07,2026/06/02 04:22:11,0,0.0,0,0.0,0,0.0,0,0.0,9450,1.0,9450
20260601235448_次月,schedule,2026/07,2026/06/01 23:54:48,0,0.0,0,0.0,0,0.0,0,0.0,9450,1.0,9450
20260601172730_次月,schedule,2026/07,2026/06/01 17:27:30,0,0.0,0,0.0,0,0.0,0,0.0,9450,1.0,9450
20260601124954_次月,schedule,2026/07,2026/06/01 12:49:54,0,0.0,0,0.0,0,0.0,0,0.0,9450,1.0,9450
20260601011514_次月,schedule,2026/07,2026/06/01 01:15:14,0,0.0,0,0.0,0,0.0,0,0.0,9450,1.0,9450
20260531194045_次月,schedule,2026/06,2026/05/31 19:40:45,2050800,0.6274094213595156,196200,0.0600242483278413,733789,0.2244909946801138,246930,0.0755442795086333,40960,0.0125310561238959,3268679
20260531154727_次月,schedule,2026/06,2026/05/31 15:47:27,2046600,0.6269300553013206,196200,0.0601014740790184,733789,0.2247798193831236,246930,0.0756414729578594,40960,0.0125471782786778,3264479
20260531122116_次月,schedule,2026/06,2026/05/31 12:21:16,2040600,0.6278616612088506,196200,0.0603677633682135,725389,0.2231911901218401,246930,0.0759766147222882,40960,0.0126027705788074,3250079
20260531011552_次月,schedule,2026/06,2026/05/31 01:15:52,2051000,0.6290486765901575,196200,0.0601752073851725,725389,0.2224792737508814,246930,0.0757342709460787,40960,0.0125625713277098,3260479
20260530191841_次月,schedule,2026/06,2026/05/30 19:18:41,2047400,0.6286386445428277,196200,0.0602417222131985,725389,0.2227251918170739,246930,0.0758179840270393,40960,0.0125764573998604,3256879
20260530164409_次月,schedule,2026/06,2026/05/30 16:44:09,2044600,0.6283191035005604,196200,0.0602935577163308,725389,0.2229168376059708,246930,0.0758832222573576,40960,0.0125872789197803,3254079
20260530144637_次月,schedule,2026/06,2026/05/30 14:46:37,2027000,0.6262978996619475,196200,0.0606214345898737,725389,0.2241290612421708,246930,0.0762958758576836,40960,0.0126557286483243,3236479
20260530115614_次月,schedule,2026/06,2026/05/30 11:56:14,2024600,0.6260205764917925,196200,0.0606664215685516,725389,0.2242953867237009,246930,0.0763524947906343,40960,0.0126651204253204,3234079
20260530024212_次月,schedule,2026/06,2026/05/30 02:42:12,2004400,0.6250703609559921,196200,0.0611847958588932,725389,0.2262119158169558,246930,0.0770049013325,33760,0.0105280260356587,3206679
20260529204652_次月,schedule,2026/06,2026/05/29 20:46:52,1988800,0.623198410417892,196200,0.0614800523551842,725589,0.2273662064645554,246930,0.077376500143046,33760,0.0105788306193222,3191279
20260529155802_次月,schedule,2026/06,2026/05/29 15:58:02,1963700,0.6228078271374469,196200,0.0622268654501029,712389,0.225941561932382,246930,0.0783164112415591,33760,0.010707334238509,3152979
20260529120956_次月,schedule,2026/06,2026/05/29 12:09:56,1946700,0.6246973505477293,196200,0.0629607130926514,701389,0.2250762058885916,246930,0.0792400045054455,25010,0.0080257259655821,3116229
20260529024020_次月,schedule,2026/06,2026/05/29 02:40:20,1934900,0.6243568550020022,198000,0.0638909800456852,700189,0.2259381890263047,240930,0.0777437061737724,25010,0.0080702697522352,3099029
20260528214554_次月,schedule,2026/06,2026/05/28 21:45:54,1927700,0.6265623836998221,198000,0.0643561508391164,691789,0.2248529153173814,238530,0.0775296598972446,20610,0.0066988902464353,3076629
20260528155949_次月,schedule,2026/06,2026/05/28 15:59:49,1913700,0.6266969563100167,193800,0.0634654701013122,689389,0.2257605622686973,236130,0.0773276648865988,20610,0.0067493464333748,3053629
20260528120756_次月,schedule,2026/06,2026/05/28 12:07:56,1877100,0.6221683649709698,193800,0.0642353785793905,689389,0.2284992951675307,236130,0.0782657375848889,20610,0.00683122369722,3017029
20260528023055_次月,schedule,2026/06,2026/05/28 02:30:55,1859200,0.6236563395948314,193800,0.065008927825666,671389,0.2252129981627766,236130,0.0792082462717983,20610,0.0069134881449276,2981129
20260527205113_次月,schedule,2026/06,2026/05/27 20:51:13,1856800,0.6270157756871999,189600,0.0640253075561682,661789,0.2234770266998364,232530,0.0785221770360537,20610,0.0069597130207417,2961329
20260527160546_次月,schedule,2026/06,2026/05/27 16:05:46,1844600,0.6269183357809409,189600,0.0644387490318044,657389,0.2234247087936121,230130,0.0782135512378119,20610,0.0070046551558306,2942329
20260527121858_次月,schedule,2026/06,2026/05/27 12:18:58,1834800,0.6350263331036375,186000,0.0643748081301921,617789,0.2138174641932435,230130,0.0796482505107587,20610,0.007133144062168,2889329
20260527023234_次月,schedule,2026/06,2026/05/27 02:32:34,1792000,0.6296271180961931,186000,0.0653519218559664,624589,0.219452104946754,222930,0.078327440534143,20610,0.0072414145669433,2846129
20260526154943_次月,schedule,2026/06,2026/05/26 15:49:43,1777800,0.6214934370530766,186000,0.0650229380649523,653189,0.2283455262995061,222930,0.077933137542042,20610,0.0072049610404229,2860529
20260526120502_次月,schedule,2026/06,2026/05/26 12:05:02,1776600,0.6251387701803951,187800,0.066081876077833,644789,0.2268842747302976,212130,0.0746429625792903,20610,0.0072521164321839,2841929
20260526014902_次月,schedule,2026/06,2026/05/26 01:49:02,1748200,0.6254899498341461,183000,0.0654757240702715,630989,0.2257620855485058,212130,0.0758981712952279,20610,0.0073740692518486,2794929
20260525205941_次月,schedule,2026/06,2026/05/25 20:59:41,1737800,0.6240911838231887,183000,0.0657202708249761,630989,0.2266052894403326,212130,0.0761816450825256,20610,0.0074016108289768,2784529
20260525162241_次月,schedule,2026/06,2026/05/25 16:22:41,1731800,0.6279577160150248,183000,0.0663565434985272,617789,0.2240128013738342,212130,0.0769191998488666,13110,0.0047537392637469,2757829
20260525121947_次月,schedule,2026/06,2026/05/25 12:19:47,1702400,0.6283706545293882,178200,0.0657751707220024,603389,0.2227161306777684,212130,0.0782990289857372,13110,0.0048390150851035,2709229
20260525011017_次月,schedule,2026/06,2026/05/25 01:10:17,1668400,0.6340281269226721,178200,0.0677198586775474,559589,0.2126559371352979,212130,0.0806139933853431,13110,0.0049820838791394,2631429
20260524191449_次月,schedule,2026/06,2026/05/24 19:14:49,1652800,0.6318455831784111,178200,0.068123719096317,559589,0.2139241517698595,212130,0.0810947504596057,13110,0.0050117954958064,2615829
20260524152206_次月,schedule,2026/06,2026/05/24 15:22:06,1650400,0.6315074945598292,178200,0.0681862794053329,559589,0.2141206055339556,212130,0.0811692225042272,13110,0.0050163979966549,2613429
20260524120814_次月,schedule,2026/06,2026/05/24 12:08:14,1650400,0.6315074945598292,178200,0.0681862794053329,559589,0.2141206055339556,212130,0.0811692225042272,13110,0.0050163979966549,2613429
20260524010826_次月,schedule,2026/06,2026/05/24 01:08:26,1645600,0.6314103634024485,178200,0.0683746516518694,559589,0.2147121377284958,209730,0.080472590858286,13110,0.0050302563589001,2606229
20260523190837_次月,schedule,2026/06,2026/05/23 19:08:37,1645800,0.6314386465159803,178200,0.0683694050365461,559589,0.2146956621492471,209730,0.0804664159276926,13110,0.0050298703705337,2606429
20260523143429_次月,schedule,2026/06,2026/05/23 14:34:29,1643700,0.6334765595944701,178200,0.0686776923524576,549989,0.2119639469092918,209730,0.0808292503764362,13110,0.0050525507673441,2594729
20260523114747_次月,schedule,2026/06,2026/05/23 11:47:47,1642900,0.633363519201952,178200,0.0686988734078689,549989,0.2120293192296319,209730,0.0808541791236383,13110,0.0050541090369088,2593929
20260523015829_次月,schedule,2026/06,2026/05/23 01:58:29,1630900,0.6349054337767822,178200,0.0693728299092664,540389,0.2103721334558842,206130,0.0802459114994224,13110,0.0051036913586446,2568729
20260522201622_次月,schedule,2026/06,2026/05/22 20:16:22,1626100,0.6342219304824743,178200,0.0695027046380769,540389,0.2107659767489661,206130,0.0803961420148529,13110,0.0051132461156295,2563929
20260522154607_次月,schedule,2026/06,2026/05/22 15:46:07,1601600,0.6354978059533479,174600,0.069279418656003,524789,0.2082306806246575,206130,0.0817901865267005,13110,0.0052019082392909,2520229
20260522120917_次月,schedule,2026/06,2026/05/22 12:09:17,1556000,0.6321531110586573,174600,0.070934404364294,511589,0.2078422737361102,206130,0.0837440364926227,13110,0.0053261743483155,2461429
20260522020520_次月,schedule,2026/06,2026/05/22 02:05:20,1532400,0.6293148870095592,172200,0.0707178436067907,516589,0.212149013420374,200730,0.082434336510982,13110,0.0053839194522939,2435029
20260521204404_次月,schedule,2026/06,2026/05/21 20:44:04,1530000,0.6289491739184232,172200,0.0707876129076813,516589,0.2123583168662381,200730,0.0825156651507484,13110,0.0053892311569088,2432629
20260521155518_次月,schedule,2026/06,2026/05/21 15:55:18,1518200,0.6280745432062912,172200,0.0712385959294713,512989,0.2122219284974655,200730,0.0830413667881694,13110,0.0054235655786026,2417229
20260521121441_次月,schedule,2026/06,2026/05/21 12:14:41,1509800,0.6273505388657745,172200,0.0715523664013024,510789,0.2122425184770897,200730,0.0834071225768492,13110,0.0054474536789841,2406629
20260521083256_次月,schedule-08,2026/06,2026/05/21 08:32:56,1476200,0.6265627460442974,167400,0.071051757002991,498589,0.2116226073617939,200730,0.0851984419546618,13110,0.0055644476362557,2356029
20260521073734_次月,schedule,2026/06,2026/05/21 07:37:34,1473800,0.6261819513610684,167400,0.0711242086157164,498589,0.2118383993399129,200730,0.0852853189691323,13110,0.0055701217141699,2353629
20260521062707_次月,schedule,2026/06,2026/05/21 06:27:07,1478000,0.6268478333246389,167400,0.0709975150869719,498589,0.2114610516708378,200730,0.0851334002593063,13110,0.0055601996582449,2357829
20260521061910_次月,schedule,2026/06,2026/05/21 06:19:10,1478000,0.6268478333246389,167400,0.0709975150869719,498589,0.2114610516708378,200730,0.0851334002593063,13110,0.0055601996582449,2357829
