城市,月份,日期,收入類型,資料來源,服務,子項目,已付款,待付款
台北,本月,,現金收入,主表,居家清潔,,1138000,28000
台北,本月,,現金收入,主表,辦公室清潔,,46200,0
台北,本月,,現金收入,主表,裝修細清,,104400,0
台北,本月,,現金收入,主表,搬入清潔,,36000,16800
台北,本月,,現金收入,主表,搬出清潔,,19800,0
台北,本月,,現金收入,主表,大掃除,,0,0
台北,本月,,現金收入,主表,儲值金,,820000,0
台北,本月,,儲值金,儲值金表,居家清潔,,1045600,0
台北,本月,,儲值金,儲值金表,辦公室清潔,,75000,0
台北,本月,,儲值金,儲值金表,大掃除,,0,0
台北,本月,,儲值金,儲值金表,冷氣清潔,,0,0
台北,本月,,儲值金,儲值金表,洗衣機清潔,,0,0
台北,本月,,儲值金,儲值金表,水洗,,0,0
台北,本月,,儲值金,儲值金表,收納,,0,0
台北,本月,,現金收入,主表,冷氣清潔,,0,0
台北,本月,,現金收入,主表,洗衣機清潔,,0,0
台北,本月,,現金收入,主表,水洗,,3600,0
台北,本月,,現金收入,主表,收納,,0,0
台北,下月,,現金收入,主表,居家清潔,,750,0
台北,下月,,現金收入,主表,辦公室清潔,,0,0
台北,下月,,現金收入,主表,裝修細清,,0,0
台北,下月,,現金收入,主表,搬入清潔,,0,0
台北,下月,,現金收入,主表,搬出清潔,,0,0
台北,下月,,現金收入,主表,大掃除,,0,0
台北,下月,,現金收入,主表,儲值金,,0,0
台北,下月,,儲值金,儲值金表,居家清潔,,937450,0
台北,下月,,儲值金,儲值金表,辦公室清潔,,74400,0
台北,下月,,儲值金,儲值金表,大掃除,,0,0
台北,下月,,儲值金,儲值金表,冷氣清潔,,0,0
台北,下月,,儲值金,儲值金表,洗衣機清潔,,0,0
台北,下月,,儲值金,儲值金表,水洗,,0,0
台北,下月,,儲值金,儲值金表,收納,,0,0
台北,下月,,現金收入,主表,冷氣清潔,,0,0
台北,下月,,現金收入,主表,洗衣機清潔,,0,0
台北,下月,,現金收入,主表,水洗,,0,0
台北,下月,,現金收入,主表,收納,,0,0
台中,本月,,現金收入,主表,居家清潔,,36000,0
台中,本月,,現金收入,主表,辦公室清潔,,9000,0
台中,本月,,現金收入,主表,裝修細清,,0,0
台中,本月,,現金收入,主表,搬入清潔,,0,0
台中,本月,,現金收入,主表,搬出清潔,,15600,0
台中,本月,,現金收入,主表,大掃除,,0,0
台中,本月,,現金收入,主表,儲值金,,90000,50000
台中,本月,,儲值金,儲值金表,居家清潔,,109200,0
台中,本月,,儲值金,儲值金表,辦公室清潔,,12000,0
台中,本月,,儲值金,儲值金表,大掃除,,0,0
台中,本月,,儲值金,儲值金表,冷氣清潔,,0,0
台中,本月,,儲值金,儲值金表,洗衣機清潔,,0,0
台中,本月,,儲值金,儲值金表,水洗,,0,0
台中,本月,,儲值金,儲值金表,收納,,0,0
台中,本月,,現金收入,主表,冷氣清潔,,0,0
台中,本月,,現金收入,主表,洗衣機清潔,,0,0
台中,本月,,現金收入,主表,水洗,,0,0
台中,本月,,現金收入,主表,收納,,0,0
台中,下月,,現金收入,主表,居家清潔,,0,3600
台中,下月,,現金收入,主表,辦公室清潔,,0,1800
台中,下月,,現金收入,主表,裝修細清,,0,0
台中,下月,,現金收入,主表,搬入清潔,,0,0
台中,下月,,現金收入,主表,搬出清潔,,0,0
台中,下月,,現金收入,主表,大掃除,,0,0
台中,下月,,現金收入,主表,儲值金,,0,0
台中,下月,,儲值金,儲值金表,居家清潔,,102000,0
台中,下月,,儲值金,儲值金表,辦公室清潔,,9600,0
台中,下月,,儲值金,儲值金表,大掃除,,0,0
台中,下月,,儲值金,儲值金表,冷氣清潔,,0,0
台中,下月,,儲值金,儲值金表,洗衣機清潔,,0,0
台中,下月,,儲值金,儲值金表,水洗,,0,0
台中,下月,,儲值金,儲值金表,收納,,0,0
台中,下月,,現金收入,主表,冷氣清潔,,0,0
台中,下月,,現金收入,主表,洗衣機清潔,,0,0
台中,下月,,現金收入,主表,水洗,,0,0
台中,下月,,現金收入,主表,收納,,0,0
桃園,本月,,現金收入,主表,居家清潔,,350577,3600
桃園,本月,,現金收入,主表,辦公室清潔,,50220,0
桃園,本月,,現金收入,主表,裝修細清,,0,0
桃園,本月,,現金收入,主表,搬入清潔,,4800,0
桃園,本月,,現金收入,主表,搬出清潔,,15600,0
桃園,本月,,現金收入,主表,大掃除,,0,0
桃園,本月,,現金收入,主表,儲值金,,20000,0
桃園,本月,,儲值金,儲值金表,居家清潔,,372400,0
桃園,本月,,儲值金,儲值金表,辦公室清潔,,33600,0
桃園,本月,,儲值金,儲值金表,大掃除,,0,0
桃園,本月,,儲值金,儲值金表,冷氣清潔,,0,0
桃園,本月,,儲值金,儲值金表,洗衣機清潔,,0,0
桃園,本月,,儲值金,儲值金表,水洗,,0,0
桃園,本月,,儲值金,儲值金表,收納,,0,0
桃園,本月,,現金收入,主表,冷氣清潔,,21000,5000
桃園,本月,,現金收入,主表,洗衣機清潔,,6000,0
桃園,本月,,現金收入,主表,水洗,,24400,0
桃園,本月,,現金收入,主表,收納,,0,0
桃園,下月,,現金收入,主表,居家清潔,,0,0
桃園,下月,,現金收入,主表,辦公室清潔,,0,43120
桃園,下月,,現金收入,主表,裝修細清,,0,0
桃園,下月,,現金收入,主表,搬入清潔,,0,0
桃園,下月,,現金收入,主表,搬出清潔,,0,0
桃園,下月,,現金收入,主表,大掃除,,0,0
桃園,下月,,現金收入,主表,儲值金,,0,0
桃園,下月,,儲值金,儲值金表,居家清潔,,90000,0
桃園,下月,,儲值金,儲值金表,辦公室清潔,,9600,0
桃園,下月,,儲值金,儲值金表,大掃除,,0,0
桃園,下月,,儲值金,儲值金表,冷氣清潔,,0,0
桃園,下月,,儲值金,儲值金表,洗衣機清潔,,0,0
桃園,下月,,儲值金,儲值金表,水洗,,0,0
桃園,下月,,儲值金,儲值金表,收納,,0,0
桃園,下月,,現金收入,主表,冷氣清潔,,0,0
桃園,下月,,現金收入,主表,洗衣機清潔,,0,0
桃園,下月,,現金收入,主表,水洗,,0,0
桃園,下月,,現金收入,主表,收納,,0,0
新竹,本月,,現金收入,主表,居家清潔,,17150,0
新竹,本月,,現金收入,主表,辦公室清潔,,21090,0
新竹,本月,,現金收入,主表,裝修細清,,0,0
新竹,本月,,現金收入,主表,搬入清潔,,2400,0
新竹,本月,,現金收入,主表,搬出清潔,,0,0
新竹,本月,,現金收入,主表,大掃除,,0,0
新竹,本月,,現金收入,主表,儲值金,,0,0
新竹,本月,,儲值金,儲值金表,居家清潔,,53350,0
新竹,本月,,儲值金,儲值金表,辦公室清潔,,16200,0
新竹,本月,,儲值金,儲值金表,大掃除,,0,0
新竹,本月,,儲值金,儲值金表,冷氣清潔,,0,0
新竹,本月,,儲值金,儲值金表,洗衣機清潔,,0,0
新竹,本月,,儲值金,儲值金表,水洗,,0,0
新竹,本月,,儲值金,儲值金表,收納,,0,0
新竹,本月,,現金收入,主表,冷氣清潔,,0,0
新竹,本月,,現金收入,主表,洗衣機清潔,,0,0
新竹,本月,,現金收入,主表,水洗,,0,0
新竹,本月,,現金收入,主表,收納,,0,0
新竹,下月,,現金收入,主表,居家清潔,,0,0
新竹,下月,,現金收入,主表,辦公室清潔,,0,11280
新竹,下月,,現金收入,主表,裝修細清,,0,0
新竹,下月,,現金收入,主表,搬入清潔,,0,0
新竹,下月,,現金收入,主表,搬出清潔,,0,0
新竹,下月,,現金收入,主表,大掃除,,0,0
新竹,下月,,現金收入,主表,儲值金,,0,0
新竹,下月,,儲值金,儲值金表,居家清潔,,9600,0
新竹,下月,,儲值金,儲值金表,辦公室清潔,,0,0
新竹,下月,,儲值金,儲值金表,大掃除,,0,0
新竹,下月,,儲值金,儲值金表,冷氣清潔,,0,0
新竹,下月,,儲值金,儲值金表,洗衣機清潔,,0,0
新竹,下月,,儲值金,儲值金表,水洗,,0,0
新竹,下月,,儲值金,儲值金表,收納,,0,0
新竹,下月,,現金收入,主表,冷氣清潔,,0,0
新竹,下月,,現金收入,主表,洗衣機清潔,,0,0
新竹,下月,,現金收入,主表,水洗,,0,0
新竹,下月,,現金收入,主表,收納,,0,0
高雄,本月,,現金收入,主表,居家清潔,,45000,200
高雄,本月,,現金收入,主表,辦公室清潔,,0,0
高雄,本月,,現金收入,主表,裝修細清,,8600,0
高雄,本月,,現金收入,主表,搬入清潔,,0,0
高雄,本月,,現金收入,主表,搬出清潔,,0,0
高雄,本月,,現金收入,主表,大掃除,,0,0
高雄,本月,,現金收入,主表,儲值金,,0,0
高雄,本月,,儲值金,儲值金表,居家清潔,,73025,0
高雄,本月,,儲值金,儲值金表,辦公室清潔,,0,0
高雄,本月,,儲值金,儲值金表,大掃除,,0,0
高雄,本月,,儲值金,儲值金表,冷氣清潔,,0,0
高雄,本月,,儲值金,儲值金表,洗衣機清潔,,0,0
高雄,本月,,儲值金,儲值金表,水洗,,0,0
高雄,本月,,儲值金,儲值金表,收納,,0,0
高雄,本月,,現金收入,主表,冷氣清潔,,0,0
高雄,本月,,現金收入,主表,洗衣機清潔,,0,0
高雄,本月,,現金收入,主表,水洗,,0,0
高雄,本月,,現金收入,主表,收納,,0,0
高雄,下月,,現金收入,主表,居家清潔,,0,0
高雄,下月,,現金收入,主表,辦公室清潔,,0,0
高雄,下月,,現金收入,主表,裝修細清,,0,0
高雄,下月,,現金收入,主表,搬入清潔,,0,0
高雄,下月,,現金收入,主表,搬出清潔,,0,0
高雄,下月,,現金收入,主表,大掃除,,0,0
高雄,下月,,現金收入,主表,儲值金,,0,0
高雄,下月,,儲值金,儲值金表,居家清潔,,34600,0
高雄,下月,,儲值金,儲值金表,辦公室清潔,,0,0
高雄,下月,,儲值金,儲值金表,大掃除,,0,0
高雄,下月,,儲值金,儲值金表,冷氣清潔,,0,0
高雄,下月,,儲值金,儲值金表,洗衣機清潔,,0,0
高雄,下月,,儲值金,儲值金表,水洗,,0,0
高雄,下月,,儲值金,儲值金表,收納,,0,0
高雄,下月,,現金收入,主表,冷氣清潔,,0,0
高雄,下月,,現金收入,主表,洗衣機清潔,,0,0
高雄,下月,,現金收入,主表,水洗,,0,0
高雄,下月,,現金收入,主表,收納,,0,0
